sequence,label,group,prob_pos,uncertainty_var,score_pos_lcb,score_neg_ucb
MELPILKTNAITTIFAAVTLCFASSQNITEEFYQSTCSAVSKGYLSALRTGWYTSVITIELSNIKENKCNGTDAKVKLIKQELDKYKNAVTELQLLMQSTPAANNRARRELPRFMNYTLNNTKNNNVTLSKKRKRRFLGFLLGVGSAIASGIAVSKVLHLEGEVNK,1,positive,0.9989835619926452,1.0186116838895033e-07,0.9983452480623916,0.9996218759228988
FLGFLGAAGSTMGAASITLTVQARTLLSGIVQQQNNLLRAIEAQQHLLQLTVWGIKQLQARVLAVERYLQDQQLLGIWGCSGKHICTTTVPWNSSWSNKSLEEIWQNMTWMEWEREIDNYTGLI,1,positive,0.9986774325370787,1.0992053489644604e-07,0.9980143472185972,0.9993405178555603
REIESSIGDSVSRALTQALPAPTGQNTQVSSHRLDTGEVPALQAAEIGASSNTSDESMIETRCVLNSHSTAETTLDSFFSRAGLVGEIDLPLEGTTNPNGYANWDIDITGYAQMRRKVELFTYMRFDAEFTFVACTPT,1,positive,0.9986623525619508,3.6374476053424587e-07,0.9974561274411143,0.9998685776827873
FHLTTRNGEPHMIVSRQEKGKSLLFKTKDGTNMCTLMAMDLGELCEDTITYKCPFLKQNEPEDIDCWCNSTSTWVTYGTCTTTGEHRREKRSVALVPHVGMGLETRTETWMSSEGAWKH,1,positive,0.9962202906608582,1.3024707641307032e-06,0.993937773835833,0.9985028074858833
MEQEQDTPWTQSTGHINIQKRGNGQQTQKLEHLNSTRLMGHCPKTMSQVDMHKQTVSLKQWLSLKSPTQESLKTRVLKRWKLSNKQEWTN,1,positive,0.9952551126480104,2.7584037525230087e-06,0.9919334240698785,0.9985768012261422
RPSTGWHMHGGAYAVVNVSVEYRNAGSGQCTAGSIHWSKNFSASSVAMTAPVTGMSWSVSQFCTSQCNFTNFTVFVTHCYKNGRGSCPLTGLIPQEQIRISAMKNSSLFYNLTVAVTKYPRFKSL,1,positive,0.9941142797470092,2.39432233684056e-06,0.9910195601559376,0.9972089993380807
MEQEQDTPWTQSTEHINIQKRGNGQQTQKLEHHNLTQLMDHCLRITSQVDMHKQTVSWKQWLSLKSPTQESLKTRVSKRWKLFNRQEWTS,1,positive,0.992376446723938,5.291571596899303e-06,0.9877757634716811,0.9969771299761949
MEQEQDTPWTRSTEHINIQKRGNGQQTQRLEHPNLTQLMDHCPRTMSQVDMHKRTVSLKQWLSLKNPTQESLKTRVLKRWKLFNKQE,1,positive,0.9910547137260436,5.106151547806803e-06,0.9865353546795386,0.9955740727725486
FHLTSRDGEPRMIVGKNERGKSLLFKTASGINMCTLIAMDLGEMCDDTVTYKCPHITEVEPEDIDCWCNLTSTWVTYGTCNQAGEHRRDKRSVALAPHVGMGLDTRTQTW,1,positive,0.9898358583450316,6.145891802589176e-06,0.9848776764998028,0.9947940401902604
MEQEQDTPWTQSTEHINIQKRGNGKQTQKLEHPNLTQLMDHCLRIMSQVDMHKQIVSWKQWLSLKSPTQESLKTRVLKRWKSFNKQEWTS,1,positive,0.9896394610404968,6.827152901678346e-06,0.984413696827799,0.9948652252531947
YQNKVVKVLRPAEKGKTVMDIISRQDQRGSGQVVTYALNTFTNLVVQLIRNMEAEEVLEMQDLWLLRRSEKVTNWLQSNGWDRLKRMAVSGDDCVVKPIDDRFAHALRFLNDMGKVRKDTQEWKPS,1,positive,0.990452766418457,9.998640962294305e-06,0.9841286408781805,0.9967768919587335
MEQEQDTPWTQSTEHINIQKRGNGQRTQRLEHPNSIRLMDHYLRIMSRVGMHKQIVYWKQWLSLKNPTQGSLKTRVLKRWKLFSKQEWIS,1,positive,0.9850370287895204,1.5433550288435072e-05,0.9771799172875917,0.9928941402914491
ESRIWCLVVCVNLCIVCLGAAVSSSSTTGSRGTSIHNHHSSHTTSAARSQSGSVSHHVTSSQTVSHDVNETIY,1,positive,0.979260802268982,1.3360609955270776e-05,0.9719503686415504,0.9865712358964137
MEREQDTPWTRSTEHINIQKRENGQQTQKLGRPNLIQLMDHYLRIMNQVDMHKQTASWKQWLSLKNPTQESLKTHVLKRWRLFNRQG,1,positive,0.9819831848144532,2.74334797722986e-05,0.9715077889226889,0.9924585807062176
FHLSTRDGEPLMIVAKHERGRPLLFKTTEGINKCTLIAMDLGEMCEDTVTYKCPLLVNTEPEDIDCWCNLTSTWVMYGTCPQSGERRREKRSVALTPHSGMGLETRAETWMSSEGAWKHAQRVESWILRNP,1,positive,0.9834739565849304,4.563492620945908e-05,0.9699632310367655,0.9969846821330953
WGIKQLQARVLAVERYLKDQQLLGIWGCSGKLICTTTVPWNASWSNKSLDDIWDNMTWMEWEREIDNYTDLIYTLIGKSQNPPGKDGPGLLALDKWASLWSWFDISNWL,1,positive,0.977635383605957,2.3267972210305743e-05,0.9679880063021908,0.9872827609097232
MEREQDTPWTQSTEHINIQKRGNGQPTQRLEHPNLTQLTDHCLRTMSQVDMHKQTVSLKQWLSSKNPTQESLKTRVLKRWKLFNKQEWTN,1,positive,0.9795881509780884,4.770095983985812e-05,0.9657749746829912,0.9934013272731855
SRPFSVLRANDVLWLSLTAAEYDQSTYGSSTGPVYVSDSVTLVNVATGAQAVARSLDWTKVTLDGRPLSTIQQHSKTFFVLPLRGKLSFWEAGTTKAGYPYNYNTTASDQLLVENAAGHRVAISTYTTSLGAGPVSISAVAVLAPP,1,positive,0.9718831777572632,2.899574610637501e-05,0.9611136381001795,0.9826527174143469
GAAEVLVVLSELPDFLAKKGGEAMDTISVFLHSEEGSRAYRNALSMMPEAMTIVMLFILAGLLTSGMVIFFMSPKGISRMSMAMGTMAGCGYLMFLGGVKPTHISYVMLIFFVLMVVVIPEPGQQR,1,positive,0.97270405292511,3.6328143323771656e-05,0.9606494864337306,0.9847586194164893
FHLTTRGGEPHMIVSKQERGKSLLFKTSAGVNMCTLIAMDLGELCEDTMTYKCPRITEAEPDDVDCWCNATDTWVTYGTCSQTGEHRRDKRSVALAPHVGLGLETRTE,1,positive,0.971655547618866,4.202057971269824e-05,0.95869089109234,0.984620204145392
MPNNNGKQRKKKKGNGQPVNQLCQMLGKIIAQQNQSRGKGPGKKNKKKSPEKPHFPLATEDDVRHHFTPSERQLCLSSIQTAFNQGAGTCTLSDSGRISYTVEFSLPTHHTVRLIRVTASPSA,1,positive,0.9695088267326356,5.807325942441821e-05,0.9542676641228584,0.9847499893424129
MALQLFPPFTPMVKAAQGTKLASETVFGEEATQKGRDNIISGWSTVMAFVPINPMLIPFQMASFILLSIIFIFLFGMGLGKGVLLAYLLQAFLTWMLAKKIMNFAWSFGLGV,1,positive,0.9629641771316528,0.0001020581403281,0.942759411324735,0.9831689429385707
GVTQNVLYENQKLIANQFNSAIGKIQDSLSSTASALGKLQDVVNQNAQALNTLVKQLSSNFGAISSVLNDILSRLDKVESGGRGGPDVDLGDISGINASVVNIQKEIDRLNEVAKNLNESLIDLQELGKYGG,1,positive,0.9607684016227722,0.0001418113533873,0.9369514871805276,0.9845853160650169
MDPVDPEMPPWHHPGSKPQTPCNNCYCKRCCYHCYVCFTKKGLGISHGRKKRRRPAAAASYPDNKDPVPEQHTGRKQKRQEEQEKKVEKETGPSGQPCHQDSCNSCTRISGQ,1,positive,0.9573131799697876,0.0001283544988837,0.9346544510660119,0.9799719088735633
MGQEQGTPWIQSTGHTSTQKEEDGQKTPKREHRNLTQLMVPYRKTMNQVAMPKQIVY,1,positive,0.9545964002609252,0.0001034356755553,0.9342557340422095,0.9749370664796408
MDPVDPNLEPWNHPGSQPRTPCNKCHCKKCCYHCPVCFLNKGLGISYGRKKRRQRRGPPQGGQAHQVPIPKQPSSQPRGDPTGPKEQKKKVESEAETDP,1,positive,0.9533168077468872,0.0001226279273396,0.9311693088055079,0.9754643066882666
SVALTPHSGMGLETRAETWMSSEGAWKHAQRVESWILRNPGFALLAGFMAYMIGQTGIQRTVFFVLMMLVAPSYG,1,positive,0.9541126489639282,0.0001415906299371,0.9303142767559724,0.977911021171884
MGQEQGTPWIQSTGHTSTQKEEDGQKIQKLEHRNSTQLMGHYQKTMNQVAMPKQIVY,1,positive,0.9536198377609252,0.0001429616822861,0.9297065207776123,0.9775331547442381
MEPVDPRLEPWKHPGSQPKTASNNCYCKRCCLHCQVCFTKKGLGISYGRKKRRQRRRAPQDSKTHQVSLSKQPASQPRGDPTGPKESKKKVERETETDPED,1,positive,0.948428988456726,0.0001254943781532,0.9260241337905426,0.9708338431229093
MHGNVPTLPQYIIELIPQTEIDLQCHEQLNSSEDEDEDEVDHLQEQPQQARRDEQHPCYLIETQCCRCESLVQLAVQSSTKELRILQQMLMGTVELVCPLCATRR,1,positive,0.94230717420578,7.476229802705348e-05,0.925014135371954,0.9596002130396061
MHGKVTTIPEYILDLVPQTEIDLHCYEQLNSSEEEDEDEVDNLQKQPQQARQEEQHPCYLINTQCCRCASAVQLAVQSPTKELRALQQMLMGALELVCPLCATRR,1,positive,0.9503729939460754,0.0002357013436267,0.9196678579830676,0.9810781299090833
MGQEQDTPWILSTGHISTQKRQDGQQTPKLEHRNSTRLMGHCQKTMNQVVMPKQIVYWKQWLSLRNPILVFLKTRVLKRWRLFSKHE,1,positive,0.9544479250907898,0.0003341067931614,0.9178907483310125,0.9910051018505671
MEPVDPRLEPWNHPGSQPKTACNKCYCKKCCYHCMCCFTKKGLGISYGRKKRSQRRRPPKSSKDHQDPIPEQPLSRQQPGDQTGQKKQKKALEGKTEADPCD,1,positive,0.9394530057907104,0.0001374242274323,0.91600738978837,0.9628986217930509
MEEASEGGGNDRVRNLQSEVEGVKNIMTQNVERILARGENLEHLRNKTEDLEATSEHFKTTSQKVARKFWWKNVKMIVLICVIVFIIILFIVLFATGAFS,1,positive,0.9462898969650269,0.0002942845458164,0.9119804495304558,0.980599344399598
MASRRSRPQAASFRNGRRRQPTSYNDLLRMFGQMRVRKPPAQPTQAIIAEPGDLRHDLNQQERATLSSNVQRFFMIGHGSLTADAGGLTYTVSWVPTKQIQRKVAPPAGP,1,positive,0.9381095170974731,0.000196710898308,0.910058784607358,0.9661602495875883
MGQEQGTPWIQSTGHTSTQKEEDGQKIPKLEHRNSTQLMGHYQKTMNQVAMPKQIVY,1,positive,0.9322434663772584,0.0001692230143817,0.906226317080558,0.9582606156739588
CTLANQDTLGTTVIRTYRRTTPFQRRKWCAYEKIIGEDIHECILGGNWTCIIGDHSKLKDGPIKKSKWCGYDFSSPEGLPHYPIGKCMLSNESGYRYVDDTSCDRGGVAIVPTGTVKCRIGNVTVQVIATNKDLGPMPCS,1,positive,0.931532084941864,0.0001683686132309,0.9055806986027183,0.9574834712810097
MHGNIINIEDVILDLVPQPEIDLRCYEQLDYEQFDSSDEDETDNMRDQQARQAGQEVCYRIEAQCCMCNSIVQLAVQSSRQNVRVLEQMLMEDVSLVCHQCAAQ,1,positive,0.9293814897537231,0.0001421473134541,0.9055363801121971,0.9532265993952492
MKLSNFQGKLLMTINNTDIADVIVIPTSKGENRCWVRAIDVGYMCEDTITYECPKLTMGNDPEDVDCWCDNQEVYVQYGRCTRTRHSKRSRRSVSVQTHGESSLVNKKEAWLDSTKATRYLMKTENWIIRNPGYAFLAAALGWMLGSNNGQRVVFTILLLLVAPAYS,1,positive,0.9324156045913696,0.0002365838299738,0.901653040980786,0.9631781682019532
MEPVDPSLEPWKHPGSQPKTACTNCYCKKCCLHCQVCFTTKGLGISYGRKKRRQRRRPPQDSQTHQVSLPKQPSSQQRGDPTGPKESKKKVERETETDPDN,1,positive,0.928791642189026,0.0002213662082795,0.8990348810561675,0.9585484033218845
MDPVDPEVPPWHHPGSQPQIPCNNCYCKRCCYHCYVCFVRKGLGISYGRKKRGRPAAASHPDHKDPVPKQSPTITKRKQERQEEQEEEVEKKAGPGGYPRRKGSCHCCTRTSEQ,1,positive,0.927749514579773,0.0002632533141877,0.8952993488367325,0.9601996803228134
MRGNSVDLQEIVLVQQGEVPENAAVHSGEHSDDEGESEEEEREQVQQVPTPRRTLYLVESQCPFCQAIIRFVCVASNTGIRNLQALLVNSHLDLACHACVEQNGVQGLRHRQWQ,1,positive,0.9231113195419312,0.0002662119222804,0.8904793154796368,0.9557433236042255
MEPVDPRLEPWNHPGSQPKTACNNCYCKRCCYHCLYCFTKKGLGISYGRKKRSQRRRTPQSSKSHQDLIPEQPLSQQQGDQTGQKKQKEALESKTEADPCD,1,positive,0.9208971261978148,0.0002435423084534,0.8896854419463426,0.9521088104492871
MEPVDPRLEPWKHPGSQPKTACNNCYCKKCCYHCQVCFLTKGLGISYGRKKRRQRRGPPQGSQTHQVSLSKQPTSQPRGDPTGPKESKEKVERETETDPAVQ,1,positive,0.9173538088798524,0.0002622034517116,0.8849684139178267,0.9497392038418782
MEPVDPSLDPWNHPGSQPTTPCTKCYCKRCCFHCQWCFTTKGLGISYGRKKRRQRHRTPQSSQVHQNSLPKQPLSQARGDPTGPKESKKEVESKAKTDPCA,1,positive,0.9166797399520874,0.0002672016853466,0.8839871300625971,0.9493723498415777
LVMILLIAPAYSIRCIGVSNRDFVEGMSGGTWVDVVLEHGGCVTVMAQDKPTVDIELVTTTVSNMAEVRSYCYEASISDMASDSRCPTQGEAYLDKQSDTQYVCKRTLV,1,positive,0.9119933247566224,0.0002428117004455,0.8808284919834147,0.9431581575298301
CIGVSNRDFVEGMSGGTWVDVVLEHGGCVTVMAQDKPTVDIELVTTTVSNMAEVRSYCYEVSISDMASDSRCPTQGEAY,1,positive,0.9167640805244446,0.0004129846056457,0.8761200351723539,0.9574081258765352
MEPVDPNREPWNHPGSQPKTACTNCYCKKCCYHCQVCFLQKGLGISYGRKKRRQRRSAPPGSKTHQDLIPKQPLSQTQRKPTGPEESKKEVESKAEPDRFD,1,positive,0.9113224744796752,0.0003564696235116,0.8735616681582207,0.9490832808011297
MALGTVLRHLAPFIILGCITAWLYSQGYIMEVRCDWTVRECYSINEWGVRFEWRDGIGALINTIIAFDMHTLVLAGYLVIALIVGFVVYVDRWGASLTAISAGLMTALYWWYMTLLITKDSWSPDPSQRDPSRAVWYKNL,1,positive,0.906375527381897,0.0002798614732455,0.8729174059017242,0.9398336488620698
GGKKQYKLKHIVWASRELERFAVNPGLLETSEGCRQILEQLQPSLQTGSEELRSLFNTVAVLYCVHQRIDVKDTKEALDKIEEEQNNSKKKAQQAAAGTGSSSQASQNYPIVQNIQGQMVHQAISPRTLN,1,positive,0.920504093170166,0.0006451424560509,0.8697047838815192,0.9713034024588129
MSGTPRYGMYDQGGNYKGTANDPGGACKRPHSLSSGGGSSDGSGWGSMWGGPPAKKHCGGGGGGIFAGMYGGSGGSGGICGGVKGGVSGGINGGISKI,1,positive,0.9014406204223632,0.0002533037331886,0.8696095831669672,0.9332716576777591
MEVVDPNLDPWKHPGSQPETPCNKCYCKKCCFHCQLCFTRKGLGISYGRKKRRQRRRTPQSGEVHQDPVSKQPLSQTRGDPKGPEESKKKVESKTKTDPSD,1,positive,0.9073813557624816,0.0003759157552849,0.868604261735987,0.9461584497889761
LLNGSLAEGEVVLRSKNFSNNADTIIVQLKEPVVINCTRPNNNTRKSINIGPGRAFVTTGTIQGGIRQAHCNI,1,positive,0.9140092134475708,0.0006003019516356,0.8650070930185282,0.9630113338766134
MDPVDPKLEPWNHPGSQPTTPCNKCYCKVCCWHCQVCFLNKGLGISYGRKKRRPRRGTPQGSKDHQNPVPKQPLPITSGNPTGSEKPKKEVASKTETDPLD,1,positive,0.8922818303108215,0.0003743602719623,0.8535850463637129,0.9309786142579302
TVIGLQYCDSTTCGTTGQKLLLLLFIVVGACVVCVWISLQNYPYPVWASCLASYLTLVLLSWLQVLTYFDYFFLCLIILGIPSVLLTLLIHLAIQ,1,positive,0.8956103324890137,0.0004668884503189,0.852395129130987,0.9388255358470403
MDPVDPNLEPWNHPGSQPRTPCNKCYCKKCCYHCQMCFITKGLGISYGRKKRRQRRRPPQGNQAHQDPLPEQPSSQHRGDHPTGPKE,1,positive,0.877206027507782,0.0001820891047827,0.8502179483036074,0.9041941067119565
MRGNVPQLKDVVLHLTPQTEIDLQCYEQFDSSEEEDEVDNMRDQLPERRAGQATCYRIEAPCCRCSSVVQLAVESSGDTLRVVQQMLMGELSLVCPCCANN,1,positive,0.8826971054077148,0.0003060485760215,0.8477086172425197,0.91768559357291
YQGIPYTAAVQVDLIEKDLLPASLTIWFPLFQANTPPAVLLDQLKTLTITTLYAASQNGPILKVNASAQGAAMSVLPKKFEVNATVALDEYSKLE,1,positive,0.8959200978279114,0.0006261306698434,0.845874891470323,0.9459653041854997
MDPNTVSSFQDILLRMSKMQLESSSGDLNGMITQFESLKLYRDSLGEAVMRMGDLHSLQNRNEKWREQLGQKFEEIRWLIEEVRHKLKITENSFEQITFMQALHLLLEVEQEIRTFSFQLI,1,positive,0.8975583910942078,0.0006844603340141,0.8452340054212121,0.9498827767672035
MEPVNPSLEPWKHPGSQPKTACTNCYCKKCCFHCQACFITKGLGISYGRKKRRQRRRPPQDSQTHQVSLSKPSSQPRGDPTGPKEQKKKVERETETDPVH,1,positive,0.8955399394035339,0.0007344913319684,0.8413369383069748,0.9497429405000931
MHGERPTLGDIVLDLQPEPVSLSCNEQLDSSDSEDDHEQDQLDSSHNRQREQPTQQDLQVNLQSFKIVTHCVFCHCLVRLVVHCTATDIRQVHQLLMGTLNIVCPNCAATA,1,positive,0.8863726854324341,0.0006546010263264,0.8352023414302134,0.9375430294346547
MASHKWLLQMIVFLKTITIAYCLHLQDDTPLFFGAKPLSDVSLIITEPCVSSVYEAWDYAAPPVSNLSEALSGIVVKTKCPVPEVILWFKDKQMAYWTNPYVTLKGLTQSVGEEHKSGDIRDALLDALSGVWVDSTPSSTNIPENGCVWGADRLFQRVCQ,1,positive,0.8908134698867798,0.0008005653508007,0.8342249427527149,0.9474019970208447
MEVVDPKIDPWNHPGSQPETPCNNCYCKKCCFHCPLCFMKKGLGISYGRKKRRQRRRTPQGSKIHQDPVPKQPLSQTRGDPTGPEESKKKVESQTETDP,1,positive,0.8826152086257935,0.0006071373354643,0.8333348946874956,0.9318955225640914
MGARASVLSGGELDRWEKIRLRPGGKKKYKLKHIVWASRELERFAVNPGLLETSEGCRQILGQLQPSLQTGSEELRSLYNTVATLYCVHQRIEIKDTKEALDKIEEEQNKSKKKAQQAAADTGHSNQVSQNY,1,positive,0.8741773366928101,0.0005150253418833,0.828788997138105,0.9195656762475151
MHGERPTLGDIVLNLHPEPVCLNCNEQLDSSDSEDDHEQDQLDSLHSREREQPTQQDLQVNLQSFKVVTRCVFCQCLVRLAVHCSITDITQFQQLLMGTLHIVCPNCAATE,1,positive,0.8797666430473328,0.0007546027773059,0.8248265747071533,0.9347067113875123
MDPVDPNIEPWNQPGSQPKTACNQCYCKRCCYHCQICFLKKGLGISNGRKKRRPRRTTPYNSENHQDPLRKQPLSQPRGEQTDPKESKKKVESKTKTDQFD,1,positive,0.8720647096633911,0.0005945050506852,0.8232997611579246,0.9208296581688576
MVRFIVCLSLVLFLGGCLNPMSLLGGGGPNVAANVQAGAENNQTGVQVGDITKAETVYSGVAPSGSVGSLNISNQDIPIWVILLLILGWVLPSPREIWIGLLKTITLGRYRG,1,positive,0.8615947961807251,0.0004578513035085,0.8187998757574553,0.9043897166039949
MEPVDPNLEPWKHPGSQPRTACNNCYCKKCCFHCQVCFTKKGLGISYGRKKRRQRRRPPQDSQTHQSSLSKQPTSQLRGDPTGPTESKKKVERETETDPVH,1,positive,0.862767219543457,0.000559338601306,0.8154665387320353,0.9100679003548787
GIISLILQIGNIISIWVSHSIQTGSQNHTGICNQRIITYENSTWVNQTYVNISNTNVVAGKDTTSMTLAGNSSLCPIRGWAIYSKDNSIRIGSKGDVFVIREP,1,positive,0.8609000444412231,0.0006243247771635,0.8109270606534403,0.910873028229006
KREKKPGEFGKAKGSRAIWFMWLGARYLEFEALGFLNEDHWLSRENSGGGVEGSGVQKLGYILRDIAGKQGGKMYAD,1,positive,0.9022747874259948,0.0021918718703091,0.8086399248947965,0.995909649957193
MEPVDPRLEPWKHPGSQPKTACTTCYCKKCCFHCQVCFTTKALGISYGRKKRRQRRRPPQGSQTHQVSLSKQPTSQPRGDPTGPKE,1,positive,0.8611024618148804,0.0009531983523629,0.7993546407241601,0.9228502829056007
MTREIRARESNTKYIVLGVCVVAFICFLGFSQQKHATHSGDGVGVPRFANGGSYRDGTRSMNFNSNNPNAYGCKSEGFFGGFEKLALLFLVLGIILYVAGGCAGGDHVCNGGCCKV,1,positive,0.855090320110321,0.0007842998602427,0.799079611839752,0.9111010283808901
YRLKHIVWASRELERFALNPGLLETAEGCQQIIEQLQSTLKTGSEELRSLFNTIATLWCVHHRIEVKDTPEALDKLEEAQNKSQQKTQQAATDTGSSSKVRQNYPIVQNAQGQMAHHPL,1,positive,0.852683424949646,0.0007920279749669,0.7963974417933788,0.9089694081059132
MKLSNFQGKLLMTVNNTDIADVIVIPTSKGENRCWVRAIDVGYMCEDTITYECPKLTTGNDPEDVDCWCDNQEVYIQYGRCTRTRHSKRSRR,1,positive,0.850482165813446,0.0008728358079679,0.7913945763223219,0.9095697553045702
MHGKVPTLQDVVLELTPQTEIDLQCNEQLDSSEDEDEDEVDHLQERPQQARQAKQHTCYLIHVPCCECKFVVQLDIQSTKEDLRVVQQLLMGALTVTCPLCASSN,1,positive,0.8521074056625366,0.0009609413682483,0.7901092970382149,0.9141055142868584
MDPVDPNIEPWNHPGSQPKTACNRCHCKKCCYHCQVCFITKGLGISYGRKKRRQRRRPSQGGQTHQDPIPKQPSSQPRGDPTGPKE,1,positive,0.8489365577697754,0.0010902873473241,0.7828975587669407,0.9149755567726101
MDPVDPNLESWNHPGSQPRTACNKCHCKKCCYHCQVCFITKGLGISYGRKKRRQRRKPPQGDQAHQVPIPEQPSSQSRGDPTGPKK,1,positive,0.8376830816268921,0.0007688976475037,0.7822250741796821,0.8931410890741021
MRGPKPTLQEIVLDLCPYNEIQPVDLVCHEQLGESEDEIDEPDHAVNHQHQLLARRDEPQRHTIQCSCCKCNNTLQLVVEASRDTLRQLQQLFMDSLGFVCPWCATANQ,1,positive,0.8277408480644226,0.0006625020760111,0.7762626167035416,0.8792190794253036
DVEESELIIPHTIAGPKSKHNRREGYKTQNQGPWDENGIVLDFDYCPGTKVTITEDCGKRGPSVRTTTDSGKLITDWCCRSCSLPPLRFRTENGCWYGMEIRPVRHDETTLVRSQVDAFNGEMVDPFQLGLLVMFLATQEVLRKRWTARLTIPAVLGALLVLML,1,positive,0.8391985893249512,0.001062661060132,0.7740016243608672,0.9043955542890352
GITYTDRRWCFDGTTNNTIMEDSVPAEVWTRYGEKRVLKPRWMDARVCSDHAALKSFKEFAAGKRGAAFGVMEALGTLPGHMTERFQEAIDNLAVLMR,1,positive,0.8445398211479187,0.0013175166677683,0.7719445962975664,0.917135045998271
MEPVDPNLEPWNHPGSQPKTACNNCYCKRCSYHCLVCFQTKGLGISYGRKKRRQRRSAPPSSEDHQNPIPKQPLPQTRGDQTGSEESKKKVESKTETDPFD,1,positive,0.8363151550292969,0.001051070401445,0.7714747231539616,0.9011555869046322
MASHKWLLQIVFLKTITIAYCLHLQDDTPLFFGAKPLSDVSLIITEPCVSSVYEAWDYAAPPVSNLSEALSGIVVKTKCPVPEVILWFKDKQMAYWTNPYVTLKGLAQSVGEEHKSGDIRDALLDALSGVWVDSTPSSTNIPENGCVWGADRLFQRVCQ,1,positive,0.8273981213569641,0.0009556773584336,0.7655700578765801,0.8892261848373482
MDPVDPKLEPWNHPGSQPQTACNNCYCKKCCYHCQMCFLKKGLGISYGRKKRSQRHRTPASLQDHQNSISKQPLSRTHGDPTGPKEQKKEVASKTETDP,1,positive,0.8486526608467102,0.0019297718536108,0.7607943236530027,0.9365109980404177
MDVNSTMEISGWCPSENTQRQMNNLMIKGTTKGMMTITGVCKNCGNSAKRVVCMDELSFLMPVEMD,1,positive,0.8290550112724304,0.0015046373009681,0.7514757021502656,0.9066343203945952
VIACAGAMKLSNFQGKLLMTVNNTDIADVIVIPTSKGENRCWVRAIDVGYMCEDTITYECPKLTMGNDPEDVDCWCDNQE,1,positive,0.8254375457763672,0.0013722000876441,0.7513511074048514,0.8995239841478829
VIACVGAMKLSNFQGKLLMTINKTDIADVIVIPTSKGENRCWVRAIDVGYMCEDTITYECPKLTMGNDPEDVDCWCDNQE,1,positive,0.8141981959342957,0.0010194386122748,0.7503408983943965,0.8780554934741948
MNPNQKIICISATGMTLSVVSQLIGLANLGLNIGLHFKVGETPEIGTPSVNETNSTTTIINYNTQNNFTNVTNIVLIKEEDEMFTNLSKPLCEVNSWHILSRT,1,positive,0.8135024905204773,0.0011778913903981,0.7448616458171056,0.882143335223849
LIAPAYSIRCIGVSNRDFVEGMSGGTWVDVVLEHGGCVTVMAQDKPTVDIELVTTTVSNMAEVRSYCYEASISDMASDSRCPTQGEAYLDKQSDTQYVC,1,positive,0.8153969049453735,0.0013334304094314,0.7423645721213045,0.8884292377694426
MRLCRVWLSVCLCAVVLGQCQRETAEKKRLLPSTALLGRVLSRAARPNPLQVCGTARGPHVELPLRCEPRLGQL,1,positive,0.8209765553474426,0.0015805014409124,0.7414655135755629,0.9004875971193224
MHGDTINIQDVILDLVPQPEIDLQCYEQLDYEQFDSSEEDETDNVRNQQARQAEQEACYRIEAECCVCNSIVQLAVLSSRQNVRAVEQLLMGDVSLVCHQCATY,1,positive,0.8045601844787598,0.0013483660295605,0.7311199767023516,0.8780003922551679
MILRTFPIATSWLMSNMLSFEYRLRRRIWEVRHRKNIFATMTSISFSLIFMVLVVTAFVTDNQQVGLEFFGIMVGGVLFTINRGVELVKRFTGLLSLHLLMRVLCHRYIEKDRTTDEIFMIALEVVVGIGILCSLYTIIFHRYIAHYRDRLRTWKEWPSIPVTGSAS,1,positive,0.8170576095581055,0.0019757249392569,0.7281593544738374,0.9059558646423735
VIACAGAMKLSNFQGKLLMTVNNTDIADVIVIPTSKGENRCWVRAIDVGYMCEDTITYECPKLTSGNDPEDVDCWCDNQE,1,positive,0.8137688636779785,0.0018351173494011,0.7280923243127334,0.8994454030432236
MHGPKPTVQEIVLELCPYNEIQPVDLVCHEQLGDSDDEIDEPDHAVNHHQHLLLARRDEQQRHRIQCLCCKCNKALQLVVEASRDNLRTLQQLFMDSLNFVCPWCATETQ,1,positive,0.7915629148483276,0.0010660116095095,0.7262632484017216,0.8568625812949336
MDPIDPDLEPWKHPGSQPRTVCNNCYCKACCYHCIYCFTKKGLGISYGRKKRTTRRRTAPAGSKNNQDSIPKQPLSQSRGNKEGSEKSTKEVASKTEADQ,1,positive,0.7943134307861328,0.0011885386193171,0.7253630538671602,0.8632638077051055
SMVGNWAKVLIVMLLFAGVDGDTHVTGGRKLTPTHRFASLFSLGPTQK,1,positive,0.8126198053359985,0.0019479722250252,0.7243481286775098,0.9008914819944873
MGAQVSSQKVGAHENSNRASGGSTINYTTINYYRDSASNAASKQDFSQDPSKFTEPIKDVLIKTAPMLN,1,positive,0.7875958681106567,0.0010148355504497,0.7238829008135766,0.8513088354077368
MASRVSAPPRGREPQRYYDRRGRDDAETRKRGSRSPQPLSEDEELTDADPPRRPNAGPRRRLFLEETEDRLTSLLESLTKDIESDIEHFERKLRVLLQQKDTI,1,positive,0.8008556365966797,0.0019142155069857,0.7133521393640387,0.8883591338293206
MDPRERVPPGNSGEETVGEAFEWLETTLEHLNRVAVNHLPRELIFQVWQKSWAYWREEQGMSISYTKYRYLCLMQKAMFIHFAKGCGCLREGHGPGGWRSGPPPPPPPGLA,1,positive,0.783775269985199,0.0012530977837741,0.7129770275275192,0.8545735124428787
VPVWKDAETTLFCASDAKAHETEVHNVWATHACVPTDPNPQEIQLKNVTENFNMWKNNMVEQMQEDVISLWDQSLKPCVKLTPLCVTLNCTDATLTNSTYITNVSKIIGDITEEVRNCSFNMTTELRDKKQKVHALFL,1,positive,0.7929662466049194,0.0016867648810148,0.7108257600951647,0.8751067331146741
MDPNQTNVVPPALHLVDPQIQLTITRMEDAMGQGQNSADPKVYPIILRLGSQLSLSMARRNLDSLEARAFQSTPIVVQMTKLATTEELPDEFVVVTAK,1,positive,0.7760637402534485,0.0011397950584068,0.7085420383078724,0.8435854421990245
MHGQVATIKDIVLEERPEVVDLHCNEQLLDSSESEEEDSVREQLVEQAQQAYRVVTTCGICKCPVRLVVQCGDADLKVLHELLLGDLSIVCPGCA,1,positive,0.7760807275772095,0.0012274837354198,0.7060097996421578,0.8461516555122611
MIGKEVTVQDIVLELSEVQPEVLPVDLFCEEELPNEDTEEELDTERIVFKVIAPCGCSHCEVKLRVFVQATEFGIRAFQQLLTGDLQLLCPECRGNCEHGGS,1,positive,0.7811196446418762,0.0020631488878279,0.69027584710285,0.8719634421809025
MEPVDPNLEPWKHPGSQPRTACNNCYCKKCCFHCYACFTRKGLGISYGRKKRRQRRRAPQDSQTHQASLSKQPASQSRGDPTGPTESKKKVERETETDPFD,1,positive,0.7569794654846191,0.0011228234507143,0.6899623497390337,0.8239965812302046
MEPVDPRLEPWKHPGSQPKTACTTCYCKKCCFHCQVCFTKKALGISYGRKKRRQRRRAPEDSQTHQVSLPKQPAPQFRGDPTGPKESKKKVERETETHPVD,1,positive,0.7732793688774109,0.0017386263934895,0.6898856906160582,0.8566730471387636
MHGPRETLQEIVLHLEPQNELDPVDLLCYEQLSESEEENDEADGVSHAQLPARRAEPQRHKILCVCCKCDGRIELTVESSAEDLRTLQQLFLSTLSFVCPWCATNQ,1,positive,0.7689740657806396,0.0015885184984654,0.6892616201158528,0.8486865114454265
MTDPRERVPPGNSGEETIGEAFEWLERTIEALNREAVNHLPRELIFQVWQRSWRYWHDEQGMSASYTKYRYLCLMQKAIFTHFKRGCTCWGEDMGREGLEDQGPPPPPPPGLV,1,positive,0.7405980825424194,0.0011832225136458,0.6718020793548563,0.8093940857299826
MSAGRPWARGMEIRTSSSSSPRSSLMAEAVPEIPPEDKNPQREPWEQWVVDVLEEIKQEALKHFDPRLLTALGNFIYNRHGNTLEGAGELIKLLQRALFLHFRGGCQHSRIGQPGGGNPLSAIPPS,1,positive,0.7822936177253723,0.0032119369134306,0.6689457123467444,0.8956415231040002
MTAPKCVTTTTYLVKTKEQPWWPDNAIRRWWISVAIVIFIGVCLVALMYFTQQQARNGSGSG,1,positive,0.7580575346946716,0.0021619917824864,0.6650630879252779,0.8510519814640654
MTAPKCVTTTTYLVKTKERPWWPDNAIRRWWISVAIVIFIGVCLVALMYFTQRQAQTSGGSSG,1,positive,0.7399242520332336,0.0016353477258235,0.6590453864174624,0.8208031176490049
MEPVDPNIEPWNQPGSQPKTACNQCYCKKCCYHCQLCFLQKGLGICYGREKRRQRTTTPYASKNHKDPIPKQPLPQARGDPTGPKESKKEVESKTKTDP,1,positive,0.7298161387443542,0.0012570632388815,0.6589059634834934,0.8007263140052151
MTAPKCVTTTTYLVKTKERPWWPDNAIRRWWISVAIVIFIGVCLVALMYFTQRQAQNSNGGSSG,1,positive,0.7385145425796509,0.001690648146905,0.6562795586152821,0.8207495265440197
MCVIRVICPNIDIMLLSIINAYFSFIKYILLYIFLSISINLSKKSTLKLIFNIFIISKCNLYILLKFFNIFLFLIFFLYFLYILSK,0,negative,8.400797923968639e-07,2.542050771270344e-13,-1.6829529084752953e-07,1.8484548756412574e-06
MSLSQLYTNKSFNSYIILIFFFNILILYFLEYILFFILFMIYLEYFIKYLLYVILSFIYIYCLLLYLYCNVDISNIFFIYLSIFIY,0,negative,1.4126708265393972e-06,5.081353090033436e-13,-1.3001378426868653e-08,2.838343031505663e-06
MLLYGNNDSFSFNFDLFIANCINSFLKPKYPPIIKISSENSLYIKSKIYCIILNVSILTYLYIGSYIL,0,negative,1.1378715498722158e-05,3.2056635124178e-11,5.499965555866018e-08,2.2702431341885658e-05
MKYQFYLYPHFDVFSFHFYFHFHLHSYFHFHHHFHVYFHFHHHHHFHVYFHLHHHHHFHVYFHLHSYFHFHHHHFHVYFHFHSYFHFHHHHFHVYFDLYLLSKIKYIVQFLHINFVV,0,negative,1.5092004105099475e-05,2.809572192952192e-11,4.490924550729191e-06,2.569308365946976e-05
MDFDLENDLFKILINKNKFIKKYIRKNKLCSKCIIKKLKNLDKIDKIKKSYIFIFFTIIIILLLFIYINLFYIIYRINLLL,0,negative,1.875073394330684e-05,6.689684223237791e-11,2.3926359814559076e-06,3.5108831905157774e-05
MSTHSTFFNRLYSIFLIFSIISELSSIGSCILSESVTCLNNSLMSFLIQSNSLLNSLIVCRPLSS,0,negative,2.6765459551825188e-05,1.2130595139492328e-10,4.737663348398637e-06,4.879325575525174e-05
MDKYIKNILEMSTLQYKYNNKQYMYIKDNITYSKYFIKYSKYIINKIKNNIYSKKYKIRILKKNINIIYELKLLFVYNCDKLIDCISDYDDYVNKNNIIMNDYINMIINCNKKQNIELIKIINDNFDKIIYNYDISLNFIEKILNNINNVF,0,negative,3.874843969242647e-05,6.913172256872713e-10,-1.3837384469120003e-05,9.133426385397295e-05
MFFHFIFIFTFIFIHTFIFIIIFMFTFIFIIIIIFMFTFIFIIIIIFMFTFIFIHTFIFITIIFMFTFIFIHTFIFIIIIFMFTLIFIFFQK,0,negative,6.228917482076213e-05,9.50953871203808e-10,6.140948871679518e-07,0.0001239642547543563
MSNFFKLIKVSKNLKSFILDHEQLISSIVIGNIILDIILFLLPKIFNFFNFFKLFKKLKSFILQYIQSISSNISGNFILDILLFFNT,0,negative,9.737961954670028e-05,5.8264360003335e-10,4.910359651110424e-05,0.00014565564258229633
MAPLFSSKKFFVDGLSSIVDAPLINFLLRSIIVAKSTLSTRTNPYSLNTLTISFFLIMYSVIGVDIVDGLYTTILSSAIFSTDI,0,negative,7.55858636694029e-05,1.5188037494340276e-09,-2.3578018701142316e-06,0.00015352952920892003
MSMPIVLCALKYTENMYCYICHCFHNYYPRPYHHYYYHHYHYHHYHHYRPYHYYHSLLNTNHLRL,0,negative,0.0001219239420606,1.045128650289939e-09,5.726704296112449e-05,0.0001865808411600755
MSFDAFNIQIINWDKHLSSVNLNSTTCYNCNLAVAGKNDYIIHLYGQTSCLIANEYEQKTIALSSALIKYGDNILKYSV,0,negative,0.0001192822383018,2.630932360858651e-09,1.6697008159081097e-05,0.0002218674684445189
MFNIFRLVNIFKTLILLSSQLILLDISNTCKLVNLLKKSKNLILHELQFKLIKFGNLKSSISSDK,0,negative,0.0001244087470695,2.605815785372556e-09,2.2314363573196807e-05,0.00022650313056580317
MSLIRDFSFWNRIIINIYNFIEISDNYFDHILQFEKIKSPIYYKHVQGNRCQITNGYLISIRILYYLSAKITTLDSS,0,negative,0.0001231420028489,4.996330016382444e-09,-1.8227442454990804e-05,0.00026451144815279085
MCNIIMKLKALIIVNIFNFHINNIFCNKKNKIDIKYAIIEEEYVMEECVVEYIDCYIEKII,0,negative,0.0002356504992349,1.0715775822234264e-08,2.8616436122239612e-05,0.0004426845623475604
MSEYFISRTSIWTVFMLPIMYGPIKSMIEISRSSYNVSVIVNTPIGVITNAASMAAYVNDLLLIHFLLSLVEFFNT,0,negative,0.0002960906422231,9.153194646671636e-09,0.00010474598306929307,0.0004874353013769069
MPAIQPPLYLTFLLLILLYLIITLYVWIILTVTYKTAVRHAALYQRSFFHWSFDHSL,0,negative,0.0002469447499606,1.5905103012414656e-08,-5.286120572050353e-06,0.0004991756204932503
MCDKINNFQKKLLNNLKLKLYDNVNKIIENKTPLHDLKVILNKNIKKLIIYHNKIYKKYLKIFLERKYKLLMNELIRRIKIEKFIKICYDISSKNINILLNEINIYVANLIYINNII,0,negative,0.0002149652718799,2.1105844183466616e-08,-7.559173927947034e-05,0.0005055222830392704
METFHMLRSMERKFYADLALALPAHKSAFAHRDMLFIFYAPKAATVARYLAAADVCHSDMTVLGKLHIGGRKLLLVHMDLFYYGLSRAGAMYRLGRSIARLSLDSRKVYAHISAESA,0,negative,0.0003392295620869,1.80485137946107e-08,7.054004763119447e-05,0.0006079190765426055
MLLTNVIKSASGYPKHSLLKSNADWFFIFRFTVPDLLISSTNSSTVAHSLISNLLVNCFKPALPTLEKYFPLT,0,negative,0.000327607645886,3.11433545618911e-08,-2.5341951432886862e-05,0.0006805572432048868
MIELNISTVSIVLCFLLCFCVLLFVCLVIRPLVLSVSVYATLLLLIVILWVIATSPLRCFCIYVVFIYIPLFVIHTHASFLSQQ,0,negative,0.0004317831771913,3.220040412088565e-08,7.289375622219064e-05,0.0007906725981604094
MTNLDTASTTLLACFLLCFCVLLCVCLLIRPLLLSVSTYTSLIILVLLLWITAASAFRCFIVYIIFVYIPLFLIHTHARFLIT,0,negative,0.000463819655124,2.75482250344794e-08,0.00013186649556994843,0.0007957728146780515
LYRHIVTIAVFIILLFVLCLCVCLVLCCLLPLLLSQYVFAAALLLILCFWFVVATSQLTTFFVYLIFFYLPCLLLHLYTFLLLQ,0,negative,0.000692042231094,2.6741311387468162e-08,0.00036498681445964326,0.0010190976477283567
MIYNNILIIIISLITMLMLHLIIKITLHIILYTYIGGLIFDIIGLTLIFSKLIAIIITIFIMIDTFIIFLELEPINKISYIKFFI,0,negative,0.0005753362784162,5.6503640877281214e-08,9.992638841692278e-05,0.0010507461684154773
MSPFSLVKLHVEHTLNLVPPNLGLFTLFSLSFPIESITIGIASIVLLSNKVYLKVVIIYLLIFFFTFIVKFFI,0,negative,0.0006070146337151,7.492941023201638e-08,5.954989427696465e-05,0.0011544793731532354
MFLYLISQNINNVSKISISNTQSMFLYLISQNINNVSKISISNTQSMFLYLISQNINNVSKI,0,negative,0.0007775585982017,5.750930398562559e-08,0.0002979366471376329,0.001257180549265767
MGYINVFAFPFTIYSLLLCRMNSRNYIAQVDVVNFNLT,0,negative,0.0008459767559543,6.041266686906965e-08,0.00035439698879918347,0.0013375565231094166
MDVARFLNNNAILHDDCLKSPIFCLERLATESNAWLTSILLSLEIVFFNEAFIISVISLVILQSDWVVILSNISPMDTVHVPAFVIILSKMLYGIAQKISSPVISPLSINLLRLFLNALFSGEKISVSIISLIVYAEKIPRVSILSKILIGSESQIMVSSPSGDPA,0,negative,0.0009192860452458,9.618364771313281e-08,0.0002990162726044667,0.0015395558178871332
MLIFILSILPYNICSLIGRELYDCIFLYTKSNGCSRLQTCIKVSCSMLEFMYLAEDIPIQFDGIGNCLLSMVIMEYHLLLANI,0,negative,0.0008266911609098,1.5129961639104297e-07,4.874613356906825e-05,0.0016046361882505317
MKISLIEKKLIPSPPLEENTHVLMHSPLVFDSWLNSATALILVSFVLDENSILEIPKTLKYSNKISIPD,0,negative,0.0009281507809646,1.2557912043575925e-07,0.00021940789264540358,0.0016368936692837965
MIDLTASSTVLLCFLLCFCVLLCLCLLVRSLLLSVSLYSALILLVLILWVTVATPLLAFVVSCFCIYLWMINAHAQYLAVQ,0,negative,0.0012931210221722,8.82057591411467e-08,0.0006991319342551013,0.0018871101100892988
MYMIYILISHIWFHFKIWFKIICFSYICNIINNFIFKFINFFYIFKVFFNVRKRKIINNIIYNFTT,0,negative,0.0011405462864786,2.3269126359082293e-07,0.00017578462971393996,0.0021053079432432602
MILPIFVVCFILFLCLCIFLRPLVLSISIYAWLLVLVLLLWVSVGSALRIFFCYLIFLYIPMMCINFHAQYLTQQD,0,negative,0.0012086750939488,2.256314246551483e-07,0.0002586615684552977,0.002158688619442302
MLIFILSILPYNICSLIGTELYDCIFLYTKSNGCSRLQTCIKVSCSMLEFMYLAEDIPIQFDGIGNCLLSMVIMEYHLLFANI,0,negative,0.0012015044922009,3.35340757828817e-07,4.33322117023259e-05,0.002359676772699474
MAQMFTDPPKAAKIYINSSVESTFIDTSSLNSEKYATIWRSLSIFIRMLILNFCKLFKVKWLQNSVVLQFLT,0,negative,0.0013856863370165,3.12371753352636e-07,0.00026788178638587025,0.0025034908876471296
MSWYEKYNIVLNPPKRCSSACADNLTTILAEDGNHIRAILYSQPKKLKILQDFLATSRNKMFLYKILDDEIRRVLT,0,negative,0.0017420022049918,3.105667190084205e-07,0.0006274319398071946,0.0028565724701764056
MHTQRAGLSAIVATYRYQLATGVVYRDISSTIATEKIPFVENAVLKERAFIETIKQHQEPQRRIPRPVDSYVMLHSNARITTSRVIPQHKYKVTAKNPCRSIKRNAFQTAPSQTQLFISVNNRWLG,0,negative,0.0018169485265389,2.954282649625384e-07,0.0007298822636780966,0.0029040147893997035
MIFVFVLCFILFLCLSLLLRPLILSISTYAWLLVLVLLLWVFVGSPLKIFFCYLLFLYLPMMCINFHAQHMTQQE,0,negative,0.0019187154248356,3.098291188052827e-07,0.0008054695062618418,0.003031961343409358
MEGTKICNVCNISKVISEFRPRGRVCKNCTNIKQRKWRAVNKDKTRKYREKGNVRVKKWKEEHKDKQREYYKKFIEKKEKELENQAARILATLKN,0,negative,0.0019490917911753,4.991942432752694e-07,0.0005360182003453398,0.00336216538200526
MKGIDNTAYSYIDDLTCCTRVIMADYLNSDYRYNKDVDLDLVKLFLENGKPHGIMCSIVPLWRNDKETIFLILKTMNSDVLQHILIEYMTFGDIPLVEYGTVVNKEAIHEYFRNINIDSYTMKYLLKKEGRCHQLSR,0,negative,0.0021120568271726,4.734065157663281e-07,0.0007359659642331966,0.0034881476901120036
MYVHSSNLTDTISYPDVVINYRSWTKCTHFFGLLFDSRIIMLNFSIYSVSCFKYVMMNPYSFQTQV,0,negative,0.0025837183929979,3.623186444201565e-07,0.0013798601880249779,0.003787576597970822
MEATKTCIKCGIIEELNKFKKGKRVCKKCINKQSREWRAVNKDKTRKQRARYLEKHLDVEKKWRDKNKDKMREYNKKWREKKEREFEIQAAQILANLCQL,0,negative,0.0033242770005017,5.872738029211177e-07,0.001791601166646259,0.004856952834357141
MKKILIIILKIFQQLDIKENEIIIIIQVNEVKNMNYLILLLYLQHIALVAIKKLKIKIMDF,0,negative,0.0025744521990418,1.5344643315984283e-06,9.698225444232768e-05,0.005051922143641273
MGTAATIQTPTKLMNKENAEMILEKIVDHIVMYISDESSDSENNPEYIDFRNRYEDYRSLIIKSDHEFVKLCKNHAEKSSPETQQMIIKHIYEQYLIPVSEVLLKPIMSMGDIITYNGCKDNEWMLEQLSTLNFNNLRTWNSCSIGNVTRLFYTFFSYLMKDKLNI,0,negative,0.002931194845587,1.2766237205141806e-06,0.0006714393539338161,0.005190950337240183
MEDLNEANFSHLLINLSNNKDIDAQYASTLSVVHELLSAINFKIFNINKKSKKNSKSIEQHPVVHHAASAGREFNRR,0,negative,0.0030395896174013,1.195566255773883e-06,0.0008527505691182462,0.005226428665684353
MIERILFPTMSGTSRSPPSYLFIRKNVILDIVQIIKSPYMFAIVEIVFHSCSKTMAVTYELRYTLESHL,0,negative,0.0032668760977685,1.0377140142736607e-06,0.0012295111189061848,0.005304241076630816
LNFDEYEIFKMNNMENSKWCKKAYFKSDYHFRKFYVHLNTKGSTIEQTLDLYVSSYHMVMMGFYDISIEYLCPNINELRQRKKFK,0,negative,0.0032723625190556,1.050236505761859e-06,0.001222741572868858,0.005321983465242342
MTLHMPCKTVKALIKCSKHGPKFITIEADDMIWTHKELKETLSDGIVKSHTNIYSCYLENIEIIYVKTYLS,0,negative,0.0029490308370441,1.5716743746452266e-06,0.0004417020794654481,0.005456359594622751
MYIVYISMIALVFLVWFAVCLYICCSVPLLPSVHLCAYMWLLLFVFIVVHTTPLQMFCIYLLFFILPMWFLHILSVYA,0,negative,0.0033919021952897,1.1051978390241857e-06,0.001289334394695212,0.005494469995884188
MLSLIFLFCFCVCMYVCCHVPLLPSVCMCAYAWVLVFVYIVVITSPATAFTVYVFCFLLPMLLLHIHAILSLQ,0,negative,0.0037706107832491,8.993300184556574e-07,0.0018739505411860598,0.00566727102531214
MKLFTQNDRYFGLLDSCTHIFCITCINIWHKTRRETGASDNCPICRTRFRNITMSKFYKLVN,0,negative,0.0049808844923973,1.3636658877658192e-06,0.0026453623770956104,0.007316406607698989
MDLARLGSMSSYDFSTVVSVLLVSIRSMSRSIESKHDRSEDNEYLYASFCTVTSRFVRCLHRALTSMVQILSSLCVSYSSLL,0,negative,0.0043054264970123,3.54179405803734e-06,0.0005414955422590965,0.008069357451765503
MGLVNSVPTQTKQPDNKIEDLSISYAEYTIIINKLNSLDIIPTIDE,0,negative,0.0051034158095717,2.323158696526661e-06,0.002055033486747569,0.00815179813239583
MSSIKVYRITTYDTYGNAFACNRHETWSIKLDKTFADESEATKYVVSQNSKLSQFKNLAIGLSDEDYENFINEFTLSGKYLDECRWFVGYPPVDKISELLHKKGIDTD,0,negative,0.0060256137512624,1.2333574659351143e-06,0.003804481187964915,0.008246746314559886
MDHNQYLLTMFFADDDSFFKYFASQDDESSLSDILQITQYLDFLLLLLIQSKNKLEAVGHCYESLSEEYRQLTKFTDSQDFKKLFNKVPIVTDGRVKLNKGYLFDFVISLMRFKKESALATTAIDPVRYIDPRRDIAFSNVMDILKSNKVEQ,0,negative,0.0050277165137231,3.0290932500065537e-06,0.0015468584298555296,0.008508574597590671
MLINLYSQRDLKTRFSEPVPDLNDDSAIRNFTFSLRNANDIRAFMPADFQLFRVGQFNTATGELIPCLPVLLIDGVSAYGKE,0,negative,0.006249486003071,2.0083268736925675e-06,0.003415177005313298,0.009083795000828702
MKGENVFISPASISSVLTILYYGANGSTAEQLSKYVETEENTDKVSAQNISFKSINKVYGRYSAVFKDFFLGKIGDKFQTVDFTDCRTIDAINKCVDIFTEGKINPLLDEPLSPSN,0,negative,0.0058586755767464,2.972157062686165e-06,0.002410686561284683,0.009306664592208117
MVIYCSNSLGAYCKLVINKVAVLLTYFCFVALTNAQFFVSDILVHGKIPPNHLIIQYPSVSRSPRLDTTYPLCESIGVNSRVPLSILFGFLINGTCSPLDMNLETNP,0,negative,0.0058611892163753,3.4393042369629256e-06,0.002152116967435991,0.009570261465314608
MSLESFIITTFNNNSSTNIDNMCHLYVKVCPSSLLFRLFVECCDINKLVEGTTPLHCYLMNEGFESSVLKNLLKEYVMNTFNVHDIHYTNI,0,negative,0.0063514085486531,3.398183025637991e-06,0.0026645762901211277,0.010038240807185073
MKQKEKSSSNLSRFLKTLGCFAHTQKSCDLCIIKQCLLGKGLNALILNNCIRHAKQRGAIVHPMLLNAMSKLHLLIVY,0,negative,0.0078414008021354,3.101089077972574e-06,0.004319418929398078,0.011363382674872722
MNQKSLCNKCAACRNNRNENAVLSIGCLFTNLYAIKNRFAPAPLLSFFIILGFANATISQDKYQKSILACRKQKNDCFYSKSK,0,negative,0.0074448636732995,3.873982223012717e-06,0.003508376801474463,0.011381350545124538
MLEKIEAANKLLRGLILKFKGKPIETELNNLFDLQILLYETYYKLKADRELLESIESIKQYRDEYVINLELVKEAEYKSFLAIMQEVRIYALMNKY,0,negative,0.0068499064072966,5.226271241554059e-06,0.0022776985198295144,0.011422114294763686
MGSNSLSMIKVRLQNLFDNDEVALLKITCYTDKLIHLTNALAKAVIHTIKLNGIVFVHVITSSDICPNNNIVVKSNFTTMPALQNGGYIWEMMELTHCSQPNGLIDDNCEIKFSKKLSDSTMTNYMNQLSELLGFDLNP,0,negative,0.0060646487399935,7.91672573541291e-06,0.0004373134077379536,0.011691984072249046
MILLVFLVWFGVCIYICCNVPLLPSVHVCAYVWIIVFVFILIRTTPLEVFFVYLLFFVLPMWLLHRLAMDMI,0,negative,0.006227140314877,7.667757927265484e-06,0.0006889969699407266,0.011765283659813275
MYEHRPPSLETNSFSSTRRLFSNSDWCCKDPGRSKLTNMVNSCTLLTIGVADKQIILWFFNAMVLDKKLYTERVGRILPSSLINDLEMKL,0,negative,0.0076441215351223,4.463189725356642e-06,0.003418869009955719,0.01186937406028888
MDLARLGSMSSYDFSTVVSVLLVSIRSMSRSIESKHDRSEDNEYLYASFCTVTSGFVRWLHRALTSMVQILSSLCVSYSSLL,0,negative,0.0070945867337286,7.056012691464275e-06,0.0017819554867985919,0.012407217980658608
MEVSNKKLINSFVGRAENFRRYDTYLPENDPLAMNSVFTFSSYTGIGPLYRDMRNSNFLSNPNEMG,0,negative,0.0075082690455019,6.097936420701444e-06,0.0025694690209204455,0.012447069070083354
MKGENVFISPASISSVLTILYYGANGSTAEQLSKYVETEENTDKVSAQNISFKSMNKVYGRYSAVFKDFFLGKIGDKFQTVDFTDCRTIDAINKCVDIFTEGKINPLLDEPLSPSN,0,negative,0.0084174806252121,4.8795131988299545e-06,0.003999556588368572,0.012835404662055629
MASVVATIREKMIKCKLRFDTFISYLVKKRNKSVNILLDDHVSVLSDDSDYYESGDSEYYESSDSAYESESEVPLLN,0,negative,0.0092582888901233,4.670767793868436e-06,0.0049358970551002706,0.01358068072514633
MYLQANRDDNFFAERTSGCITRLASDSLCLFHSSFIHIQTSCDTRIILRGKTLLLSSHWVPYPLRIPHYPPSWSRTIPNRIRYIPATQGDVYHGRRLGRDPYSRR,0,negative,0.0087723238393664,6.238699370442191e-06,0.0037768461363064847,0.013767801542426315
MAAYLTSVPEKQYQPQVREEVNENTASYAAKPDTNSARYYGSIACISAENVSETIVRPSAAEVLVRDHECVQRASEPLVLYTLRGKEVTQILFPRTGSQLFVPTSSLR,0,negative,0.0089927520602941,6.79041977491579e-06,0.0037810652796382276,0.014204438840949971
MSETKYEKLSELNYLELYQLTKSEFTTDEIFDYIKQNRESDLKAIAAAIPLYKFDHNNILFYRYLNKIKFGKRDKPLFSDKHVPIKQNFKEVDGIEIYEPIFNPKFQKTQGAQSKYINLSQLSNNLYFVDNIFNNLELTTDDFDALLDQLDELDI,0,negative,0.009426636621356,5.770485131506575e-06,0.00462226980292651,0.01423100343978549
MSANCMFNLDNDYIYWKPITYPKALVFISHGAGKHSGRYDELAENISSLGILVFSHDHIGHGRSNGEKMMIDDFGTARGNY,0,negative,0.0086234435439109,1.271050041395938e-05,0.001493085793009651,0.01575380129481215
MTSSAMDNNEPKVLEMVYDATILPEGSSMDPYIMDCINRHINMCIQRTYSSSIIAILDRFLMMNKDELNNTQCHIIKNL,0,negative,0.0089008333161473,1.2556544788822066e-05,0.0018137902687763961,0.015987876363518203
MTLVKNMSSILENENILHGLIKTSNAPDCVSNASYKDFKDAIDSLTNDLELRLASDFFIKSNGRLSGLLPQ,0,negative,0.009660723619163,1.0351009223086294e-05,0.0032261267481581675,0.016095320490167833
MENTSITIEFSSKFWPYFTLIHMITTIISLLIIISIMIAILNKLCEYNVFHNKTFELPRARVNT,0,negative,0.0103102233260869,1.0512529115658252e-05,0.0038256172114001343,0.01679482944077367
MFLRLIDDNGIVLNSILWLLVMIFFFVLAMTFIKLIQLCFTCHYFFSRTLYQPVYKIFLAYQDYMQIAPVPAEVLNV,0,negative,0.0120607465505599,7.136260137485806e-06,0.006717990655898118,0.017403502445221684
MSNTAPGPTVANKRDEKHRHVVNVVLELPTEISEATHPVLATMLSKYTRMSSLFNDKCAFKLDLLRMVAVSRTRR,0,negative,0.0126973465085029,9.678766218712552e-06,0.006475203399022838,0.01891948961798296
MFLKLVDDHALVVNVLLWCVVLIVILLVCITIIKLIKLCFTCHMFCNRTVYGPIKNVYHIYQSYMHIDPFPKRVIDF,0,negative,0.0133506301790475,9.162412425212096e-06,0.007296734763627079,0.019404525594467918
MIIPCEYDNRGIYRKPDDIGIWFDYINWEGQTIKAAPKIVFPNFVSISLEYVFPVEEELPYPLNFALFVENIAHKQFKETARKKWIMHKEFKIFFKKQRLYQLTDLLCKFIPLPTEINYIIAEFI,0,negative,0.0116194915026426,1.5267169146682136e-05,0.0038048464955595176,0.019434136509725683
MCELKPPADCFSKNEEKYLLLSWNLVYEMIRELPKENNSEHYYGLLVRLIDVPANADKLRQYIASTAIGDIGYEKSEGRFKYPPRQFIPSEQFITNWLEKNKELLG,0,negative,0.0132846338674426,1.2108826012990905e-05,0.006325086177257294,0.020244181557627906
MSGIVKSIILSGPSGLGKTAIAKRLWEYIWICGVPYH,0,negative,0.0142254456877708,9.233251148543786e-06,0.008148192641025492,0.02030269873451611
MFDVDDLNIFRPFFHDAILESSGDVYSWSDLSLGAPLLPDTILNAVCFKVSERLVSRFLMLLRSGFNCYFDLSYDFSPARDDFDFFFMVEPLCADDCDIVLSWLIKYCFLKVKE,0,negative,0.0123256426304578,1.7717213268042542e-05,0.003907278592702592,0.020744006668213008
MQTAHITVDLQNTIISTIKQWLNGLPTVKCIKNKYILLKRKLRIDLPETIHNGRNINEILSDTKIYDIVYWKGVLTTFKPIISIHYYAVYLSEFGNLEKEYIELINKLTEHEVHQKTHTMYAKIARLENMIFAYSE,0,negative,0.0123104583472013,1.8430595446261577e-05,0.0037242844737553227,0.020896632220647277
MYDDLIEQCHLSMERKSKLVDKALNKLESTIGQSRLSYLPPEIMRNII,0,negative,0.0156917460262775,7.302027370315045e-06,0.010287293280507566,0.021096198772047436
MEVNNKKLINSFVGRAENFRRYDTYLPENDPLAMNSVFTFSSYTGIGPLYRDMRNSNFLSNPNEMG,0,negative,0.0125770838931202,1.974881706701126e-05,0.0036891556605091243,0.021465012125731278
MATKLDYEDAVFYFVDDDKICSRDSIIDLIDEYITWRNHVIVFNKDITSCGRLYKELMKFDDVAIRYYGIDKINEIVEAMSEGDHYINFTKVHDQESLFATIGICAKITEHWGYKKISESRFQSLGNITDLMTDDNINILILFLEKKLN,0,negative,0.0132211726158857,1.780694947228767e-05,0.004781516349831337,0.021660828881940063
MTWFWRYLNYLATWREHRNVIKQLNKFSDRELKDIGITRGDIDRLVWLKEDKQKRGSQE,0,negative,0.0146610662341117,1.2310682905081194e-05,0.007643749680020329,0.02167838278820307
MDTDVTNVEDIINEIDREKEEILKNVEIENNKNINKNHPSGYIREALVINTSSNSDSIDKEVIECICHDVGI,0,negative,0.0119885550811886,2.643582411110401e-05,0.0017053991237786364,0.022271711038598565
MASSLLHLFFFIIFLIILYFINYYPTNKLQMSLKNLNTENIIIKQQNNNIPTFLDTIIFTKPESAIPTRVNVYYDSALGIVTILENNKKRIFRLDFEEDVRTLLPILLLSK,0,negative,0.0147219132632017,1.4297606867330614e-05,0.007159477976250646,0.022284348550152752
MLPATLTGHPLTLPLINVYMQGRLVKTIIHMLIWDVKNYFT,0,negative,0.0152228623628616,1.7754333384800702e-05,0.006795684096134189,0.02365004062958901
MGSPCALGLFCCCSSCFCLCCPRHRPASRLAAVVGGATAVPAVVSGVTGLILSPSPSPIFIQPTPSLPMSFHNPGLELALDSRPAPLAPLGVTSPSAPPLPPVVDLPQLGLRR,0,negative,0.0164007600396871,1.7661310266703367e-05,0.007995687698129686,0.024805832381244515
MNNNPSSLCGIFFGLTVVLIYIINFILIENEYLSQFEFHKIGDAAYIWTAIDLAIIGIISVIIIIIKTIYNIYKNHKNYAMVCEQPEAHVFDL,0,negative,0.0159374047070741,2.131400106009096e-05,0.006703986908644103,0.025170822505504096
PYEQSFLGMINTIAFPDRAEVTPHILTTEIRGLRGRCHVPIELSRRIDDDIKIGSNMVVLPTKDLRYITATYDVSRSDHAIVYYIYDTGRSSSYFFPAR,0,negative,0.0153464432805776,3.342665149830282e-05,0.0037832860130657866,0.026909600548089413
AIIMVSCVTSVWLLCRTRNLCITPYRLAPNAQVPILLAVL,0,negative,0.0174184255301952,2.305356065335218e-05,0.007815600809655484,0.02702125025073492
MQKYVMLTQDNCKYCTAALGLLNSHGFNTEVYNVADRKNNPMIDSLIVTKTVPQIYAPDGQFIGGYTELKEYLNDSST,0,negative,0.0186691042035818,2.1213354557403363e-05,0.009457512689103238,0.02788069571806036
MNCLVDKIYLQCSLQKTDLTTDEIDIEFEKVIKQLEFATWMKTLDELVEMEREIKKIEIDYLNNYHRQ,0,negative,0.0193062014877796,2.4186656446545385e-05,0.00947021522374987,0.02914218775180933
MSTTNDNTTMQRLMITDMRPLSMESIITSLTKEIITHKFIYLINNECIVRKLDERQATFTFLVNYEMKLLHKVGSTIYKKYTEYNTKYGTFPMPIFINHDGFLECIGIKPTKHTPIIYKYDLNP,0,negative,0.0179104693233966,3.369819387444295e-05,0.006300440232228404,0.029520498414564795
MDYMEYTQFIKELTSQYRSYDDIFGAKCRRCNMDIKKYWWFSLQIANREFWFYCSTDCMKTHGHAANNEFKLNLIKESFN,0,negative,0.020276989787817,2.190402301494032e-05,0.010916642996177213,0.02963733657945679
MKNQHTKIIQHLKTAKGLTVREALIEYSISSLTKRVHELRTMGYDIESVRKQHPVTGQRYTRYFLLEELT,0,negative,0.0240623746067285,1.503670591773698e-05,0.016306936277984733,0.03181781293547227
MLGQVTLYVARVSGVGGVAISKPCACCSGLIRKYNIKYVYYTTDGSIEREKGSELHTTHISKCYKYMEKLKKESCKQKGKK,0,negative,0.0218113511800766,4.082571831531823e-05,0.009032349917799765,0.034590352442353436
MNGSIHYCRNNSATSLLTCQICSVEDSAKKFVSYDLYRSTITLCSHCLKKIYSMDVVGKDTNRGDIEGIAVAVQNTKYENCILTSCKHCSL,0,negative,0.021535363048315,4.405316576594487e-05,0.008260851265813185,0.034809874830816816
MTMPKIMILPDKYPCSITSILITSRCRVTMYNRKNTLYFNQNNPNNHMYSPNQTFNEIHWTSQDLIDTIQNFLQHLGVIEDIYTIYILVS,0,negative,0.0223711486905813,4.4001382775604725e-05,0.009104441069531575,0.03563785631163103
MDEIVRIVRDSMWYIPNVFMDDGKNEGHVSVNNVCHMYFTFFDVDTSSHLFKLVIKHCDLNKRGNSPLHCYTMNTRFNPSVLKILLHHGMRNFDSKDEKGHHYQSITRSLIY,0,negative,0.0234623309224843,3.871394437737763e-05,0.011018224787067803,0.035906437057900795
MTSSAMDNNEPKVLEMVYDATILPEGSSMDPNIMDCINRHINMCIQRTYSSSIIAILDRFLMMNKDELNNTQCHIIKEFMTYEQMAIDHYGGYVNAILYQIRKRPNQHHTIDLFKRIKRTRYDTFKVDPVEFVKKVIGFVSILNKYKPVYSYVLYENVLYDEFKCFINYVETKYF,0,negative,0.0253057777881622,2.9816774258506484e-05,0.014384830162885998,0.0362267254134384
MDYTIIIIFTITIIVVPTQILLFLCLFWFRGKVDKYENIALKLVDNYIDTINVNSTQAVNKQNPEYTKNELILMVGKHNKIRLESKLDEYFPELYITNDQQTIVTQFRKINELYGNVKLTEGETIITDKNDKNDKKINILDKWIAEKPLVGTVLDLASMIWIYFMNNNLQNLSRFQVNQNAQNTKH,0,negative,0.0227181743830442,5.365972174331546e-05,0.008067615111355566,0.03736873365473284
MFHLVDFQVTIAEILIIIMRTFRIAIWNLDVIISSIVRQLFKPLTKKNYSELDDEEPMELDYP,0,negative,0.0236474610865116,4.989104127162136e-05,0.009520742957856048,0.03777417921516715
STDPCGMVALISDPNIESTVKTIQFVNKKKYYNASLSWFKVGDDCTYPIYLIKYFNCDPQKEFGICLQRSPDYWKPSLIGYSFLT,0,negative,0.02078921161592,7.4357507401146e-05,0.0035430517649681394,0.03803537146687186
MLLVFLGPVNSFMKGIRDVGFGKPPRILSVSRARLASNTSKACPPRQLARSWRFTVISCNHFLRDLLTDRFEG,0,negative,0.0232409872114658,6.276602653088048e-05,0.007395984651556827,0.03908598977137477
MTLHMPCKTVKALIKCSEHGPVFITIEVDEMIWTQKELKEALSDGIVKSHTNIYNCYLENIEIIYVKAYLS,0,negative,0.0261784102767705,4.893288496532477e-05,0.01218800142422802,0.040168819129312985
MTTNQELQFGTSTRARIYLKLFPDTVHAARIKKLLLAKDIVTDLITQQSDNEKQDALIELSNINRCEIAKVLKSSPEFNKVNEAYITMFSSVMATLKEISCKIVDVGPSNITVEYINQKHLFAINSHLYSNYGTLLVNKSWQ,0,negative,0.0277022030204534,5.863505430170335e-05,0.012387497107285712,0.04301690893362109
MDINAERRVPVYKLLQYKNILMQLLSFSDNIAKCNFTVRTGWGGKTYAHEHDVDEYKPPLRGVEILDIYYLKLTDTCVLTEEQYKDYKVIAGFD,0,negative,0.0279920492321252,8.241469913627952e-05,0.009835540852342534,0.046148557611907864
MTSSAMDNNEPKVLEMVYDATILPEGSSMDPNIMDCINRHINMCIQRTYSSSIIAILNRFLTMNKDELNNTQCHIIKEFMTYEQMAIDHYGEYVNAILYQIRKRPNQHHTIDLFKKIKRTPYDTFKVDPVEFVKKVIGFVSILNKYKPVYSYVLYENVLYDEFKCFINYVETKYF,0,negative,0.0279391463845968,8.634771074866876e-05,0.009354452601952033,0.046523840167241565
MITLFLILCYFILIFNIIVPAISEKMRRERAAYVNYKRLNKNFICVDDRLFSYNFTTSGIKAKVAVDNKNVPIPCSKINEVNNNKDVDTLYCDKDRDDIPGFARSCYRAYSDLFFTT,0,negative,0.0266381241381168,9.987992234528063e-05,0.006650135510415347,0.04662611276581825
MDTDTDTDVTNVEDIINEIDREKEEILKNVEIENNKNINKNHPSGYIREALVINTSSNSDSIDKEVIECICHDVGI,0,negative,0.0275369193404912,9.160133049590512e-05,0.008395202542261726,0.046678636138720676
TTTWKEYSHGLQLDDGTVKAICIAGFFKVTALNVVSRRYLASLHKRALPTSVTFELLFDGTSP,0,negative,0.0315222963690757,6.170717824716121e-05,0.015811513034415237,0.047233079703736164
MNSLLAELNRLGVAHATTEDVFIFVDRLFQHFSFLFQAEESGPRRLELVASVFEHLTVECVNDILDACSHPDVNVVETSNTCRPRPSPVPSAPKTVSDAQTSCATPRAPVT,0,negative,0.0343836545944213,4.816268483409658e-05,0.02050378646333352,0.048263522725509087
MFHLVDFQVTIAEILLIIMRTFKVSIWNLDYIINLIIKNLSKSLTENKYSQLDEEQPMEID,0,negative,0.0327762477099895,8.155376417562366e-05,0.014714823162006174,0.050837672257972824
MGSRPWALGLFCCCSSCFCLCCSRHRPVSRLAAVVGGAAAVPAVVSGVTGLILSPSQSPIFIQPTPSPRMSPLRPGLDLVFANPSDHSAPLGATRPSAPPLPHVVDLPQLGPRR,0,negative,0.0366353914141655,5.6736840633675456e-05,0.02157061917776239,0.051700163650568606
MSFLAFCCCCCPEVYIAIGQFFRAQFTKTQVYDILSDGDYHLTSDISIRAVDHYRQAIRLNTIKEVAPGVLGGVATEAVDTRIADNLEAGTAIVRELDRWERATAKNSTTNLVSIISSINK,0,negative,0.0353086777031421,0.0001014196532196,0.015167212689931167,0.055450142716353026
MTEINELTDELTELQATTDKTPKFTLCGLKVLAKCTHVYDGDTIHAVFKFNNVMQRFTVRMQGYNSAEIKGVTEEERTAAQRAKKALCDLILNKIVNLEIGDFDKYGRLLGTVIVDGINVNAYMVAGGYGCNYDGSGEKLWH,0,negative,0.0401604771614074,6.457421841332689e-05,0.024088860140917285,0.05623209418189752
MGGRWSKSSIVGWPAIRERIRRTDPAADGVGAVSRDLEKHGAITSSNTRGTNADCAWLEAQEESEEVGFPVRPQVPLRPMTYKGALDLSHFLKEKGG,0,negative,0.0323885567486286,0.0001497536868555,0.007913778967778375,0.05686333452947883
MNFGRNIAILQSLLSTPVMGMIYAVCIFIYGPDIILGIINLWININFWLVNNEYIYGVNYCMVNTLDISICTVENMVWAWCKLEIIILLAIIIITPILIIIGIFCTMVVKNTIKQINTDIAKYDAQALS,0,negative,0.0442191138863563,4.274718230590224e-05,0.03114284801174175,0.05729537976097085
MDNVEAYPQHLREGKTMNYEQIKLNLADMSCMSPSPTPKVALERIEQLEAALHKLAYWLDTDQEILDNMTAAERDDHIRMHKLALAALF,0,negative,0.0430791266262531,6.74469192745164e-05,0.02665391195191579,0.05950434130059041
MYSFVSEETGTLIVNSVLLFLAFVVFLLVTLAILTALRLCAYCCNIVNVSLVKPSFYVYSRVKNLNSSRVPDLLV,0,negative,0.0377904884517192,0.0001293817767873,0.015041266329870726,0.060539710573567676
MISYLYRVGIATSVLLNVILLGHSNQTFSARNYGWKREGKPNAVRFIDSISREGHCRESWVHWITAKRKVNMNDD,0,negative,0.0390359908342361,0.0001224584848387,0.01690379845854047,0.06116818320993174
MDHCLRTTSQVGMHKRIAYWKQWLSLKNLTQGSLKTRVSKLWKLFSKQEWIN,0,negative,0.0413729473948478,0.0001473922311561,0.017091906959471066,0.06565398783022454
MGSRPCALGLFCCCSSCFCLCCPRHRPVSRLAAVVGGAAAVPAVVSGVTGLILSPSQSPIFIQPTPSPPMSPLRPGLDLVFANPPDHSAPLGVTRPSAPPLPHVVDLPQLGPRR,0,negative,0.0417048707604408,0.0001572335895616,0.016626307040674068,0.06678343448020753
MGSRPCALGLFCCCSSCFCLCCPRHRPVSRLAAAVGGAAAVPAVVSGVTGLILSPSQSPIFIQPTPSPPMSPLRPGLDLVFANPPDHSAPLGVTRPSAPPLPHVVDLPQLGPRR,0,negative,0.0457370951771736,0.0001143452900578,0.024350623747056852,0.06712356660729035
MEQAPADQGPQREPYNEWALELLEELKSEAVRHFPRIWLHSLGQHIYETYGDTWVGVEAIIRILQQLLFIHFRIGCQHSRIGIIRQRRARNGSSRS,0,negative,0.0467487461864948,0.0001456829195376,0.02260891026844432,0.07088858210454528
MSLLLYKAQQLWNSVADAFLSHTGGWVVVAVPDDNEIPTYHAVGGGRDFGMDYATGRFPNRKAALAYANFRSSPKQEKCYGYGCTFQVQHETRATIKLLGDEYEN,0,negative,0.0530480854213237,8.537967369193211e-05,0.034567860997152644,0.07152830984549476
MDGDIILVSPKSAACKHGNCLQKCLGVIDFNEWFDLYQYSTGTEITIEIYYDCKCNLVVNLSEIATKCTFVSTSSKRYNSSCVTLDKTFIDLLRYQVNEHRRLNNRRTQSFSLSGTYLTRGSSIVRRLRNKFSLWV,0,negative,0.049086719751358,0.0001267039770027,0.026574147530245635,0.07159929197247036
MEMPPCALGLFCFCSSCFCLCCPRHRPVSRLAVAAGKRGAAVVSGVTGLILSPSPSPIFIQPTPSHLTFQPPPGLELALGSQSVHSAPLGVTSPSAPPLPPVVDLPQLGLRR,0,negative,0.0446945205330848,0.0002009095042012,0.01634601057568492,0.07304303049048468
MADYLNSDYRYNKDVDLDLVKLFFQNGKPHGIMCSIVPLWRNDKKPSFLILKTMNSDVLQHILIEYMTFGDIPLVEYGTVVNKEAIHEYFRNINIDSYTMKYLLKKEGRCHQLSR,0,negative,0.0485773272812366,0.0001588103186804,0.02337333405155968,0.07378132051091352
MEVVPVQIAAGTTSTLILPVIIAFVVCFVSIILIVWISDFIVYTSVLVLTLLLYLLLWLLLTTPLQFFLLTLLVCYCPALYIHHYIVNTQQ,0,negative,0.0509598031640052,0.0001388648670399,0.027391615534074897,0.07452799079393552
MSDSINFNIGGVTKLAIPFVVIFIVNATKDVICKWLDMQHSSSCSCNHNAEIIKNSEDEQNQELSENIEVEKTEKQIIKNKIVDNYHKNVVSCED,0,negative,0.0511549934744834,0.0001452558208256,0.027050568915859313,0.07525941803310748
MSINLKCDQNWCDFCNNLRWWCIGCGYWKKVKAFIYLGYSQEEAEEELNIIQGECGEFEACVVCNEGGIIPYVE,0,negative,0.0536510534584522,0.0001189408285426,0.03183905414224095,0.07546305277466345
MRGDKATIPDIELEELVLPANLISDESLSPDATAEEEFCPYRIDSKCHNCGCRIRVTVAATEFGIRCFEQLLLKELCLFCPACSRQLPRNGRS,0,negative,0.0523863621056079,0.0001332672109128,0.029298078417745784,0.07547464579347002
MNSKSSTRKRALKAGYRSGLEEQTAKDLKKREVPFSYEERKIKWLDSKIRTYTPDFELPNGVIIETKGRFVAADRRKHLEIKKQFGDKYDIRFVFTNSKAKLYKGAKSSYADWCNKHGFLYADKTIPEEWLNE,0,negative,0.0502130500972271,0.0001758336147759,0.023692596498097237,0.07673350369635695
MDSRTGESITVAQAENSVFIWEVPNPLYFRIQRVEDPLYTRTRIYHIQVRFNHNLRKALDLRKAYFNFQVWTTSMRASGPTYLSRFKCLVMSHLDNLGVIGINHVIRAVRFATDRSYVTHVHENHVINFKIY,0,negative,0.049839086830616,0.0001868627878138,0.02249953395835417,0.07717863970287783
KYTYQNKVVKVLRPAEKGKTVMDIISRQDQRGSG,0,negative,0.0501798801124095,0.0001909778075059,0.022540936029402277,0.07781882419541672
MIGKQATLCDIVLEELVLPIDLHCHEELPELPEELEESVVEEEPEYTPYKIVVYCGGCDTKLKLYILATLSGIRDFQTSLLGPVKLLCPTCREEIRNGRR,0,negative,0.0535150542855262,0.0001518579665571,0.028868921399647328,0.07816118717140508
MGNKQAKAPESKDSPRASLIPDATHLGPQFCKSCWFENKGLVECNNHYLCLNCLTLLLSVSNRCPICKMPLPTKLRPSAAPTAPPTGAADSIRPPPYSP,0,negative,0.0537677034735679,0.0001564013364259,0.02875559948962445,0.07877980745751136
MRGDKPTIPDIVLEELVLPVNLLSDESIETDDIAESERSPFKIDSTCKHCHCRVRLCCVATDAAIRVFECLLQSEFSFLCLKCSKELLRNGRT,0,negative,0.0562942624092102,0.000126498111058,0.03379998659886236,0.07878853821955803
MSELPAINLCKACTEVIEKQLPEKNRLISPSAHTVTPVVCTVCIYNNWATLKKYSIIQSGTLRFKLHRED,0,negative,0.0498679466545581,0.0002094772498821,0.020921288824535648,0.07881460448458055
MISNYEPLLLLVITCCVLLFNFTISSKTKIDIIFAVQTIVFIWFIFHFVHSAI,0,negative,0.0521134845912456,0.0001859400508692,0.024841517235060975,0.07938545194743023
MSSDDFIEKMAEAVMFSQRRKIENYTVKFDEVRRANDFFCYIRWHLSTRDIEQIWSENPKHFVAKCAEYRCGNVFDAWGFYDSLDVGNQSKLVSWYNKRMNERG,0,negative,0.0496581085026264,0.0002437272196402,0.01843457765551047,0.08088163934974232
MNSLLAELNRLGVAHATTEDVFIFVDRLFQHFSFLFQAEESGPRRLELVASVFEHLTVECVNDILDACSHPDVNVVETSNTCRPCPSPVPSASKTVSDAQTSCATPRAPVT,0,negative,0.057969719171524,0.0001382973277941,0.03444974231829559,0.08148969602475241
MHGNVATIEDIVLDLKPEPFDLYCREQLEDSDAEDETAVTQPDKQAFKVLSQCGGVCCKTVRLCVYSTHTGIRVLQELLHQDALQIVCPTCASRL,0,negative,0.0660773813724517,7.886645471444353e-05,0.04831602391144174,0.08383873883346166
AEVSFQDRDTALPDACSSISDITPITYPITLPIIKNISVTAHGINLIDKFPSKFCSSYIPFHYGGNSIKTPDDPGAMMITFALKPREEYQPSGHINVSRAREFYISWDTDYVGSITTADLVVSASAIN,0,negative,0.0554720051586627,0.0002191034145653,0.025867720700814372,0.08507628961651102
MNSLLAELNRLGVAHATTEDVFIFVDRLFQHFSFLFQAEESGPRRLELVASVFEHLTVECVNDILDACSHPDVNVAETSNTCRPCPSPVPSAPKTVSGAQTSCATPRAPVT,0,negative,0.0583536140620708,0.0001939390931511,0.030501210707882493,0.0862060174162591
MDSRTGEPITAAQAGNGAYIWEVPNPLYFKIISHVNRPFTTNMDILTIRIQFNYNTRKALGLHKCFLTFRIWTTLHPQTGLFLRVFKTQVLKYLNNLGVISINLVIKAVEHVLYNVIQQTMYVDQYSEIKFKLY,0,negative,0.0512666478753089,0.0003077259752899,0.01618240780715864,0.08635088794345916
MVDLFFNDTAWYIGQILVLVLFCLISLIFVVAFLATIKLCMQLCGFCNFFIISPSAYVYKRGMQLYKSYSEQVIPPTSDYLI,0,negative,0.0585741810500621,0.000196570836124,0.03053343668590515,0.08661492541421906
MSGMVLDWSLYDIDHTTYHIIDDIRYQKIQQELFKSIIGCNEDYSVWIKHKPNLVIPGGRPCIAITNPDMDWIPCMSESMKDWFYANCDVYYLANDEVWYT,0,negative,0.0622493848204612,0.0001631987834116,0.03669952897651562,0.08779924066440678
MMPISAGKLNTRAVLQRRQEGTDEWGAPKHVWLEVGAFYTNPKNDTGMGAIRSSVGSGVPANIVNYSLEVRSETIRRLDPQPDDRLLIRVPFTARDMILSVTGVILDFADSSHAYILAQAGTNEI,0,negative,0.0628615394234657,0.0001613740460015,0.037454922489958006,0.0882681563569734
MSGKGGLMREYTIRILAPAKLLNYIFHQPIQQHQTMMIKNIQYACLCAVNGSCKCAVYYKGDEARDSWDVLLTESILDKK,0,negative,0.0608767345547676,0.0002181497548008,0.031336947500640075,0.09041652160889513
MSNQNIPQLSEYQTSVSQVAVTPPPKPETPQIFEYQTSDSIVNNPRPFYNSDLEFDDIDMYLLPN,0,negative,0.0682604312896728,0.0001388923265039,0.04468991356061983,0.09183094901872577
MGSITASFILITMQILFFCEDSSGEPNFAERNFWHASCSARGVYIDGSMITTLFFYASLLGVCVALISLAYHACFRLFTRSVLRSTW,0,negative,0.0677462220191955,0.0001617995294509,0.04230613322604071,0.09318631081235029
MSALRRLAAAAALVALGLLLGALFRPAAPALPAAFVEPGPARADGSAELVCLVVGGAQHMAAVEAAGAALSPAYPAAAGVRASFASARKGPLLLQEVTVAVQDVAALDADAEFACVAFAGGFRAAAAYARPVAEWRRQLERLRREEL,0,negative,0.0679126158356666,0.0001764186454238,0.041348079670034045,0.09447715200129916
MDVRERNVFGNASVATPGEHQKFVRELILSGHNNVVLQTYTGKWSDCRKHGKSVMYNTGEARHPTRKAHQR,0,negative,0.0691703408956527,0.000193501022295,0.04134941191799274,0.09699126987331266
MIGNQPNVNNLDVNLEELVLPVSLLADEELSPDGDPEEEEHYPYTIDTCCKPCGAGVRFTIIATPSAVITLRQLLLQEVFLTCLRCSRSLFRHGRS,0,negative,0.066159151494503,0.0002704320068005,0.033269517455766714,0.09904878553323927
MDSFSSLFMKLCCISTDKTGSKKSDKKNKNKIKDYMEHDYYKITIVPGSSSTSTSSWYYTHA,0,negative,0.0757783502340316,0.0001390303950756,0.05219612005318568,0.09936058041487751
MTKPKIMILPDKYPCSISSILISSESMIATFNHKNILQFNHNHLDNHQRLLNNIFDEIHWTPKNLLDATQQFLQHLNIPEDIYTIYILVS,0,negative,0.0675164461135864,0.0002835631894413,0.03383777693315113,0.10119511529402167
MTTVSALIAQLNAIYAQHGDIQVLFQTNEGAADIQGISVDNFTEVNGLYELAQTANGPNIQTAVIIHNP,0,negative,0.08090241253376,0.0001039159396896,0.06051457893726427,0.10129024613025572
MKYRLYSEGLSISNDLNSIIGQQSTMDTDIEIDEDDIMELLNILTELGCDVDFDENFSDIADDILESLIEQDV,0,negative,0.0629792362451553,0.000383730919566,0.023801134220376212,0.1021573382699344
MITLAMMQRHLQAELYEDDERDYVMQQLLPAARESAELFLNRKLYDVQADMLADQVLGVDPSDQLLITRTVEQAILLTVGEWYSSREQVWIKGAGLVTSSAQNLLHPYRKFAGVR,0,negative,0.0771201625466346,0.000179954979103,0.05029070268602616,0.10394962240724305
MSNQNIPQLSEYQTSVSQVAVTPPPKPKTPQIFEYQTSDSIVNNPRPFYNSDLEFDDIDMYLLPN,0,negative,0.0793483480811119,0.0001918957568705,0.051643059281281635,0.10705363688094216
MCLKILVRYNTRGNTYSTAWLCALGKVLPFHRWHTMVQTCTPNVTINCQDPAGGALIARCWYLHEGHQTAAFRDVLVVLNKRTN,0,negative,0.0672433227300643,0.0004048451373819,0.027001795056184913,0.10748485040394368
MGSGELGVNLFRIISTHAKLKKDKINTEKDVCDTYYMVGLAIRNTIRDLGWTVSKEIPTPDISIRKLEQEELKKINGGMYVLLV,0,negative,0.066202662885189,0.0004324589972384,0.02461136585139117,0.10779395991898683
MSLLTEVETPIRNEWGCRCNDSSDPLVVAASIIGILHLILWILDRLFFKCIYRFFKHGLKRGPSTEGVPESMREEYRNEQQSAVDADDGHFVSIELE,0,negative,0.0832280367612838,0.0001988650183193,0.055024135022744156,0.11143193849982345
MKKILLFTVIFLYAKADEICIGYLSNNSTDKVDTIIESNVTVTSSVELVETEHTGSFCSINGKQPISLGDCSFAGWILGNPMCDDLIGKTSWSYIVENQS,0,negative,0.0790929719805717,0.0002881051623262,0.04514565029969679,0.11304029366144662
