sequence,label,group,prob_pos,epistemic_uncertainty,aleatoric_uncertainty,total_uncertainty
MKTLLLTLVVVTIMCLDLGYTLECKICNFKTCPTDELRHCASGETICYKTFWNTHRGLRIDRGCAATCPTVKPGVNIICCKTDNCN,1,positive,0.99985516,0.00028747044,0.0014254043,0.00171287474
MKTLLLTLVVVTIMCLDLGYTTKCYVTPDVTSQTCPDGQNICYTETWCDAWCGSRGKRVNLGCAATCPKVNPGVDIICCSTDNCNPFPKRS,1,positive,0.99985254,0.00029236547,0.001448427,0.00174079247
MKTLLLTLVVVTIVCLDLGYTRECYLNPHDTQTCPSGQEICYVKSWCNAWCSSRGKVLEFGCAATCPSVNTGTEIKCCSADKCNTYP,1,positive,0.99984866,0.00030019484,0.0014827657,0.0017829605400000001
MKTLLLTLLVVTIVCLDLGYTLECHNQQSSQTPTTTGCSGGETNCYKKRWRDHRGYRTERGCGCPSVKNGIEINCCTTDRCNN,1,positive,0.99984634,0.00030489406,0.0015026673,0.00180756136
MKTLLLTLVMVTIMCLDLGYTLTCYKRYFDTVVCKPQETICYRYIIPATHGNAITYRGCSTSCPSGIRLVCCSTDLCNK,1,positive,0.99983215,0.00033280122,0.0016271211,0.0019599223200000002
MRAIISLLLISAMVFSMIEAVPLEEGLQLFEGERGCLPRNKFCNPSSGPRCCSGLTCKELNIWDSRCLG,1,positive,0.9998244,0.00034762642,0.0016938023,0.0020414287200000002
MKTLLLTLVVVTIVCLDLGYTRKCLNTPLPLIYTTCPIGQDKCVKMTIKKLPSKYDVIRGCTDICPKSSADVVVVCCDTNKCDK,1,positive,0.99978983,0.00041625983,0.0019898321,0.00240609193
MKTLLLTLVVVTIVCLDLGYTMTCYNQQSSQAKTTTTCSGGVSSCYRKTWSDIRGTIIERGCGCPSVKKGIERICCGTDKCNN,1,positive,0.999731,0.00053155655,0.0024803542,0.0030119107499999996
MKTLLLTLLVVTIVCLDLGYTLECHNQQSSQAPTTTGCSGGETNCYKKGWRDHRGYRIERGCGCPSVKKGIEINCCTTDRCNN,1,positive,0.99972445,0.00054429314,0.0025340174,0.0030783105400000003
MRTIISLLLLSAMVFAEIEAISLEEGLQLFEGERGCVGENQQCANWAGPHCCSGYYCTCRYFPKCICRKDSGK,1,positive,0.9997206,0.0005521683,0.0025658328,0.0031180011
MKLLLTLLLGSALMCITLADECGLGTHRPVKEVIDNVRTMYYCDCRAGDAERSITVSRCDDNNQKQDDVILTYCGLEQTTGCNTNPYTAAKHDSSGDKPQFYCSCLNYKYEQSHADSRYWTIRCYMGDICD,1,positive,0.99971825,0.00055387535,0.0025846083,0.00313848365
MKTLLLTLVVVTIVCLDLGYTMTCCNQQSSQPKTTTICAGGESSCYKKTWSDHRGSRTERGCGCPHVKPGIKLTCCKTDECNN,1,positive,0.9997198,0.0005541525,0.00257213,0.0031262825
MKTLLLTLVVVTIVCLDLGYTRRCFNHPSSQPQTNKSCPPGENSCYNKQWRDHRGTITERGCGCPQVKSGIKLTCCQSDDCNN,1,positive,0.9997191,0.0005554564,0.0025780266,0.003133483
MRSIISLLLISAMVFSMIAAVPEEEGLQLSEDERGGCLPHNRFCNALSGPRCFSGLRCKELSIWDSRCLG,1,positive,0.999701,0.00058991445,0.0027252545,0.00331516895
MKTLLLTLVVVTIVCLDLGYTRRCFNHPSSQPQTNKSCPPGENSCYNKQWRDHRGTIIERGCGCPTVKPGIKLTCCQSEDCNN,1,positive,0.99969816,0.00059639174,0.0027483148,0.00334470654
MKTLLLTLVVVTIVCLDFGHTLICYNYWTPLDKTTECCGNGVTTCFAKSWNDHRGRRTDRGCGCPNVKPGIHLNCCKTDRCNG,1,positive,0.9996972,0.0005989621,0.0027557048,0.0033546669
MKTLLLTLVVVTIVCLDLGYTRRCFNHPSSQPQTNKSCPPGENSCYNKQWRDHRGTITERGCGCPTVKPGIKLTCCQSEDCNN,1,positive,0.9996947,0.00060323405,0.0027764922,0.00337972625
MQKLIILLLVAAVLMSTQALFQEKRPKEKIDLLSKRKTDAEKQQKRYCSDDSQPCSHFYDCCKWSCNNGYCP,1,positive,0.9996938,0.0006045059,0.0027834517,0.0033879576
MRAIISLLLISAMVFSIIEAVPEEEGLQLSEDERGGCLPHNRFCNALSDPRCCSGLRCKELSIWDSRCLG,1,positive,0.9996869,0.00061714405,0.002839434,0.00345657805
MKTLLLTLVVVTIVCLDLGYTMQCKTCSFYTCPNSETCPDGKNICVKRSWTAVAGDGLKREIRRECAATCPPSKLGLTVFCCTTDNCNH,1,positive,0.99968433,0.0006222381,0.0028600877,0.0034823258
MKTLLLTLVVVTIVCLDLGYTLKCNKLVPLFYKTCPAGKNLCYKIFMVATPKVPVKRGCIDVCPKNSALVKYVCCNTDRCN,1,positive,0.9996821,0.00062652555,0.0028778608,0.0035043863500000003
MGVNFNICLLLLLVATISSQPLKATEKDDSTDENPFGIYRRGSQCAVYGGRCIPTSVRCPPNTFQCDLSGCSWSERCCCHL,1,positive,0.99966925,0.00065057323,0.0029815715,0.00363214473
MKTLLLTLVVVTIVCLDLGYTMTCCNQQSSQPKTTTTCAESSCYKKTWRDHRGTIIERGCGCPNVKPGIQLVCCETNECNN,1,positive,0.999661,0.00066858163,0.0030469585,0.00371554013
MKAIISLLLISAMVFSIIEPVPKKKGLQLSENERGGCLPHNKFCNALSGPRCCSGLKCKELTIWNTKCLE,1,positive,0.99964494,0.00070071215,0.0031752365,0.0038759486499999997
MKTLLLTLVVVTIVCLDLGYTRICFNHQSSQPQTTKTCSPGESSCYHKQWSDFRGTIIERGCGCPTVKPGINLSCCESEVCNN,1,positive,0.9996418,0.00070591393,0.0032001964,0.00390611033
MKTLLLTLVVVTIVCLDLGYSLICFNQETYRPETTTTCPDGEDTCYSTFWNDHHGVKIERGCGCPRVNPPISIICCKTDKCNN,1,positive,0.99963385,0.0007213306,0.0032630337,0.0039843643
MKPVLLTLVVVTIVCLDLGYTRICLKQEPFQPETTTTCPEGEDACYNLFWSDHSEIKIEMGCGCPKTEPYTNLYCCKIDSCNK,1,positive,0.9996339,0.0007219545,0.003262821,0.0039847755
MKTLLLTLVMVTIMCLDLGYTLTCYKGYHDTVVCKPHETICYEYFIPATHGNAILARGCGTSCPGGIRPVCCRTDLCNK,1,positive,0.9996281,0.00073176285,0.0033085435,0.00404030635
MNTFVVVFLLLTAILCHAEHALDETARGCNRLNKKCNSDGDCCRYGERCISTGVNYYCRPDFGP,1,positive,0.9996267,0.00073497364,0.003319568,0.00405454164
MKTLLLTTVVVTIVCLDLEYTLKCNKLVPLFYKTCPAGKNLCYKMFMVATPKVPVKRGCIDVCPKSSLLVKYVCCNTDRCN,1,positive,0.99962574,0.00073826994,0.0033273478,0.00406561774
MRTIISLLLLSAMVFAVIEAISLEEGLQLFEGERGCVGENQQCADWAGPHCCSGYYCTCRYFPKCICVNDNGK,1,positive,0.99961126,0.00076478004,0.0034415694,0.00420634944
MKTLLLTLVVMTIVCLDLGYTLICFISSHDSVTCAPGENVCFLKSWCDAWCGSRGKKLSFGCAATCPRVNPGIDIECCSTDNCNPHPKLRP,1,positive,0.9996088,0.00076926476,0.0034609262,0.00423019096
MNATIFALLLLLNLAMHNAAEQSSETDMDDTLLIPEINRGRCIEEGKWCPKKAPCCGRLECKGPSPKQKKCTRP,1,positive,0.99960715,0.0007734074,0.0034731934,0.0042466008
MNSKVFVVLLLLALSTCVLSEKYCPTPRNTSCKKMNIRNNCCRDSDCTSNAFCCAEPCGNFCHKASDKPGGRRVDPNASCKTGYVYW,1,positive,0.9995965,0.00079440663,0.0035570383,0.00435144493
MKTLLLTLVVVTIVCLDFGHTLICYNDHGYIGKTTETCENGMTTCYEERWREARGTRIERGCGCYKVKPGVQMNCCKTDRCNG,1,positive,0.99959093,0.00080551504,0.0035999543,0.00440546934
MRTIISLLLLSAMVFAVIEAISLEEGLQLFEGERGCVGENQQCADWAGPHCCSGYYCTCRYFPKCICRKDSGK,1,positive,0.99957824,0.0008291031,0.0036993485,0.0045284516
MNSKIFAVLLLLALLSCVLSDQYCPKSSITACKKMNIRNDCCKDDDCTGGSWCCATPCGNFCKYPTDRPGGKRAAGGKSCKTGYVY,1,positive,0.99957407,0.0008378138,0.0037319805,0.0045697943
MRTIISLLLLSAMVFAVIEAISLEEGLQLFEGERGCVGENQQCADWAGLHCCSGYYCTCRYFPKCICRKDSGK,1,positive,0.9995703,0.0008445657,0.003760741,0.004605306700000001
MSTFVIVFLLLTAVLCHAEPALDETARGCNRLNKKCNSDGDCCRYGERCISTGVNYYCKPDFGP,1,positive,0.9995641,0.00085689186,0.0038086863,0.00466557816
MKTLLLTLVVVTIVCLDLGYTLTCLNCPEMFCGKFQTCRNGEKICFKKLQQRRPFSLRYIRGCAATCPGTKPRDMVECCSTDRCNR,1,positive,0.99955946,0.0008660124,0.0038448735,0.0047108859000000005
MKTLLLTLVVVTIVCLDLGYTRICHKSSFISETCPDGQNLCYLKSWCDIFCGSRGERLEFGCAATCPEVKPGVNIECCSTDNCNPHPKLRP,1,positive,0.99955016,0.0008793002,0.003916284,0.0047955841999999995
MKTLLLTLVVVAIVCLDLGYTLTCLICPEKDCQKVHTCRNEEKICVKRFYDKNQLGWRAQRGCAVSCPKAKPNETVQCCSTDKCNK,1,positive,0.9995482,0.00088568596,0.003931518,0.0048172039600000004
MKTLLLTLLVVTIVCLDLGYTLKCNKLVPLFYKTCPAGKNLCYKMFMVSNLTVPVKRGCIDVCPKNSALVKYVCCNTDRCN,1,positive,0.99954396,0.00089187623,0.003964156,0.00485603223
MNSKIFAVLLLLGLLSCVLSDQYCPKSSITACKKMNIRNDCCKDDDCTGGSWCCATPCGNFCKYPADRPGGKRAAGGKSCKTGYVY,1,positive,0.99954027,0.000903377,0.0039929445,0.0048963215
MKTLLLTLVVVTIVCLDFGYTIVCYKRHASDSQTTTCLSGICYKKITRGISRPEMGCGCPQSSRGVKVECCMRDKCNG,1,positive,0.9995399,0.0009035809,0.0039955103,0.0048990912000000005
MNSKIFAVLLLLALLSCVLSDQYCPKSSITACKKMNIRNDCCKDDDCTGGSWCCATPCGNFCKYPTDRPGGRRAAGGKSCKTGYVY,1,positive,0.99953765,0.0009082767,0.0040128347,0.0049211114
MNSKVFAVLLLLALSTCVLSEKYCPTPRNTSCKKMNIRNNCCRDSDCTSNAFCCAEPCGNFCHKASDKPGGRRVDPNASCQTGYVYW,1,positive,0.9995369,0.00091004994,0.0040188,0.0049288499400000005
MKTLLLTLVVVTIMCLDLGYTTKCYKTGERIISETCPPGQDLCYMKTWCDVFCGSRGRVVELGCTATCPTVKPHEQITCCSTDNCNPHPKMKQR,1,positive,0.9995241,0.00092950836,0.0041162404,0.0050457487600000005
MKTLLLTLVVVTIVCLDLGYTLKCNKLVPIASKTCPAGKNLCYKMFMMSDLTVPVKRGCIDVCPKSSLLVKYVCCNTDICN,1,positive,0.99951744,0.00094417995,0.004167212,0.00511139195
CIILLLTIFEINADVKVTDCSKDEYSWCVEKCTKVRSKVRQCKVINDSVKCQCH,1,positive,0.999519,0.0009461103,0.0041554,0.0051015103
MKTLLLTLVVVTIVCLDLGYTMTCCNQQSSQPKTTTNCAESSCYKKTWSDHRGTRIERGCGCPQVKRGIKLECCHTNECNN,1,positive,0.99951756,0.0009477576,0.0041662105,0.0051139681
MQKATVLLLALLLLLPLSTAQDAEGSQEDAAQREVDIATRCGGTGDSCNEPAGELCCRRLKCVNSRCCPTTDGC,1,positive,0.99951476,0.0009521662,0.0041882046,0.0051403708
MKTLLLTLVVVTIVCLDLGYTLTCVKSNSIWFPTSEDCPDGQNLCFKRWQYISPRMYDFTRGCAATCPKAEYRDVINCCGTDKCNK,1,positive,0.99951345,0.00095218956,0.004197622,0.00514981156
MKTLLLTLVVVTIVCLDLGYTLKCNKLIPIASKTCPAGKNLCYKMFMVATPKVPVKRGCIDVCPKSSLLVKYVCCNTDRCN,1,positive,0.9995026,0.00097341835,0.0042808484,0.00525426675
MKTLLLTLAAATIVCLDLGYTLKCNKLIPIASKTCPAGMNLCYKMFMMSDLTIPVKRGCIDVCPKNSLLVKYVCCNTDRCN,1,positive,0.9994916,0.0009967074,0.004364344,0.0053610514000000005
MKTLLLTLVVVTIVCLDLGYTLKCNKLVPLFYKTCPAGKNLCYKMFMVATPKVPVKRGCIDVCPKNSLLVKYVCCNTDRCN,1,positive,0.99948806,0.0010021941,0.0043909885,0.0053931826
MKTLLLTLVVVTIVCLDLGYTRTCLISPSSTPQTCPQGQDICFLKAQCDKFCSIRGPVIEQGCVATCPQFRSNYRSLLCCTTDNCNH,1,positive,0.9994753,0.00102531,0.0044871615,0.005512471499999999
MMLKMGAMFVLLLLFILPSSQQEGDVQARKTHLKRGFYGTLAMSTRGCSGTCHRREDGKCRGTCDCSGYSYCRCGDAHHFYRGCTCTC,1,positive,0.9994738,0.0010352151,0.004498899,0.005534114099999999
MKTLLLTLVVVTIVCLDVGNSFSCYKTPDVKSEPCAPGENLCYTKTWCDRFCSIRGKVIELGCAATCPPAEPRKDITCCSTDNCNPHPAH,1,positive,0.99946886,0.0010380616,0.004535798,0.0055738596
MKLTCVMIVAVLLLTACQLITAEDSRGTQKHRTLRSTARRSKSESTTRCRSSGSPCGVTSICCGRCYRGKCT,1,positive,0.99945956,0.0010600132,0.004606003,0.0056660162
MKLTCVVIVAVLLLTACQLITADDSRGTQRHRALRSDTKLSMSTRCKGKGASCSRTMYNCCSGSCNRGKCG,1,positive,0.99944,0.0010954881,0.0047526318,0.0058481199
MEKLTILLLVAAVLMSTQAQNQEQRQQAKINFLSKRKPSAERWRRDCTSWFGRCTVNSECCSNSCDQTYCELYAFPSFGA,1,positive,0.9994277,0.0011166543,0.004844646,0.0059613003
MKTLLLTLVVVTIVCLDLGYTLKCNQLIPPFYKACAAGKNLCYKMFMVAAPKVPVKRGCIDVCPKSSLLVKYVCCNTDRCS,1,positive,0.99942124,0.0011322494,0.004893014,0.0060252634000000005
MKLVMRILLTCFLLTTLVIKAEGQIHTNQPCTSNNTRCRTYCIKVHKINSGKCMNSKCVCHP,1,positive,0.99941826,0.0011410635,0.0049154228,0.0060564863
MKLLLLLIVSASMLIESLVNADGYIKRRDGCKVACLIGNEGCDKECKAYGGSYGYCWTWGLACWCEGLPDDKTWKSETNTCGGKK,1,positive,0.9994072,0.0011587897,0.004997544,0.0061563337
MKTLLLTLVVVTIVCLDLGYTLKCNQLIPPFYKTCAAGKNLCYKMFMVAAQRFPVKRGCIDVCPKSSLLVKYVCCNTDRCNN,1,positive,0.9994019,0.0011649097,0.0050369655,0.0062018752
MQKLTILLLVAAVLMSTQALIKGGGEKRPKEKIKFLSKRRTNAERWWEGDCTGWLDGCTSPAECCTAVCDATCKLW,1,positive,0.9993924,0.0011911023,0.0051076226,0.0062987249
MATFQAHFFAAVMCVGVLGLSKLCGADSCEYPDCVFTGLPRSSGVERYILLLNIIEVPDDIQQQCDILIQRAHNCTSQRTGCSRRVEESYDRRFYDGAYVMYLLDLGVYVCGHLSQLLDLKNCFTPKLQESVQSCINAAYNIQCLLDQYDQKNNCPPNTDDYFHTLVNNWLANNPYLGTGADRD,1,positive,0.99938446,0.0011993111,0.0051659504,0.0063652615
MKLTCVVIVAVLLLTACQLITADDSRGTQKHRALGSTTELSLSTRCKSPGSSCSPTSYNCCRSCNPYTKRCYG,1,positive,0.99936455,0.001236628,0.0053126505,0.0065492785
MSGTGVLLLTLLLLVAMAASDMLSSLIQAHERDSEESCKSYGGGPCPSGEDCCCPPGRSTGTCKRTCNNGSVCA,1,positive,0.9993594,0.0012543064,0.005350226,0.0066045324
MKTLLLTLVVVTIVCLDLGYTMTCCNQQSSQPKTITTCAESSCYKKTWKDHHGTRIERGCGCPKVKPGVGLECCKTDECNN,1,positive,0.9993476,0.0012748857,0.005437061,0.0067119467
MQKLTILLLVAAVLMSTQALIKGGGEKRPKEKIKFLSKRKTTAESWWEGECSGWSVYCTQHSECCSGECTGNYCELF,1,positive,0.9993343,0.0013020185,0.005534946,0.0068369645
MKTLLLTLVVVTIVCLDLGYTLTCLNCPEMFCGKFQICRNGEKICFKKLHQRRPLSWRYIRGCADTCPVGKPYEMIECCSTDKCNR,1,positive,0.99931794,0.0013307552,0.0056543527,0.006985107900000001
MKTLLLTMVVVTIVCLDLGYTLKCHNTQLPFIYKTCPEGKNLCFKATLKKFPLKFPVKRGCADNCPKNSALLKYVCCSSDKCN,1,positive,0.9993171,0.0013322636,0.0056603933,0.0069926569
MNCYLILTVALLLTSAMTGTTTAGQLNKKGVTLREDDRFPCNAGNCACLPLDSYSYTCQSPTSSTANCEGNECRSEADW,1,positive,0.9993077,0.0013474269,0.005729001,0.0070764279
MVPKLFTSQICLLLLLGLMGVEGSLHAKPGQFTWAQWFEIQHINMTSGQCTNAMQVINNYQRRCKNQNTFLLTTFADVVHVCGNPSMPCPSNTSLNNCHHSGVQVPLIHCNLTTPSRRISNCRYTQTTANKYYIVACNNSDPVRDPPQYPVVPVHLDRII,1,positive,0.9993097,0.0013474466,0.005714197,0.0070616436
MGVKLNICLLLLLVAIISSQGFNLRKKEDSKDEKPFGNYRRGSPCSNYEGSCTPNHIPCPPGSHECRQLPGCYPGVERCCCQY,1,positive,0.9992671,0.0014241111,0.0060230866,0.0074471977
MRSQHVLILLLGLVCASQVLGKHLTKVKAKALHYDKRGDCDWPTGVCFYIHDPCPPGLRRCPQHDDGCYLPTNHCCCYP,1,positive,0.99926835,0.0014266787,0.006013773,0.0074404517
MMSKMGAMFVLLLLFTLASSQQEGDVQARKTRPKSDFYRALPRSGSTCTCFTSTNCQGSCECLSPPGCYCSNNGIRQPGCSCTCPGTG,1,positive,0.9992628,0.0014328719,0.0060540796,0.0074869515
MKTLLLSLVVVTIVCLDLGYTRLCLSDYSIFSETIEICPDGHNFCFKKFPKGITRLPWVIRGCAATCPKAEARVYVDCCARDKCNR,1,positive,0.99926347,0.0014328748,0.0060495595,0.0074824343
MKTLLLTLVVVTIVCLALGYTLTCLICPEKYCNKVHTCLNGEKICFKKYDQRKLLGKRYIRGCADTCPVRKPREIVECCSTDKCNH,1,positive,0.9992639,0.0014369449,0.0060461015,0.007483046399999999
MKTLLLTLVVVTIVCLDLGYTRTCLISPSSPPQTCPKGEDICIVKARCDEWCLRRGPLIERGCAATCPEFRSNYRSLLCCTTDNCNH,1,positive,0.9992413,0.0014737071,0.0062087458,0.0076824529
MKLTCVVIVAVLLLTACQLITADDSRGTQKHRALRSDTKLPMSTRCKLKGQSCRKTSYDCCSGSCGRSGKCG,1,positive,0.9992367,0.0014848908,0.0062415362,0.007726427
MNCYLILTVALLLTSAMTGTTTAGQLNKKGVTLREDDGFPCNAGNCACLPLDSYSYTCQSPTSSTANCEGNECVSEADW,1,positive,0.9991988,0.0015544171,0.0065129856,0.0080674027
MKLLLLLTISASMLIEGLVNADGYIRGGDGCKVSCVINHVFCDNECKAAGGSYGYCWGWGLACWCEGLPADREWDYETDTCGGKK,1,positive,0.9991954,0.0015629017,0.0065372624,0.008100164100000001
MKTLLLTLVVVTIVCLDLGYTLKCNKLVPLFYKTCPAGKNLCYKMFMVAMPKVPVKRGCIDVCPKSSLLVKYVCCNTDRCN,1,positive,0.9991926,0.0015642606,0.0065574404,0.008121701
MKLTCVVIVAVLLLTACQLITAEDSRGTQKHRTLRSTARRSKSELTTRCRPSGSPCGVTSICCGRCSRGKCT,1,positive,0.9991912,0.0015678317,0.006567247,0.0081350787
MKLLLLLTISASMLIEGLVNADGYIRGGDGCKVSCVINHVFCDNECKAAGGSYGYCWAWGLACWCEGLPADREWDYETNTCGGKK,1,positive,0.99918425,0.0015827661,0.0066162087,0.0081989748
MKTLLLTFLVVTIVCLDLGYTLICHQVHGLQTCEPAQKFCQKRTTMFFPNHPVLLMGCTYNCPTERYSVCCSTDKCNK,1,positive,0.99917835,0.0015890221,0.0066582835,0.0082473056
MKTLLLTFLVVTIVCLDLGYTLICHQLHGLQTCEPAQKFCQKRTTMFSPNHPVLLMGCTYNCPTERYSVCCSTDKCNK,1,positive,0.9991457,0.0016504405,0.006889991,0.008540431499999999
VVTIVCLDLGYTLKCNKLVPLFYKTCPAGKNLCYKMYMVATPKVPVKRGCIDVCPKSSLLVKYVCCNTDRCN,1,positive,0.99913853,0.0016808328,0.0069399523,0.0086207851
LECNKLVPIAHKTCPAGKNLCYQMYMVSKSTIPVKRGCIDVCPKSSLLVKYVCCNTDRCN,1,positive,0.9991389,0.0016819693,0.0069379606,0.0086199299
MASFTSFCVLFTFCLLLLAHQARSGERQYKTESRNGKCVGEDDQLHAPTEVWYNDNDCSEHTCVNDDTGYYEIIRRCTLIAYPDECHMINGTGPRYPQCCCKVTCELD,1,positive,0.9991235,0.001697245,0.0070461617,0.008743406700000001
MEKLTILLLVAAVLMSIQALNQEQHQRAKINLLSKRKAPAERWWRWGGCLLWFGRCTKDSECCSDSCDRTYCELARFPEGW,1,positive,0.99911094,0.0017248254,0.0071347696,0.008859595
LKCNKLVPIAYKTCPEGKNLCYKMFMMSDLTIPVKRGCIDVCPKNSLLVKYVCCNTDRCN,1,positive,0.999057,0.0018381645,0.0075120223,0.0093501868
MNCYLILTVALLLTSAMTGTTTAGQLNKKGVTLREDDRFPCNPGGCACRPLDSYSYTCQSPSSSTANCEGNECVSEADW,1,positive,0.99903715,0.0018594837,0.007650097,0.009509580699999999
MQKLIILLLVAAVLMSTQALFQEKRPMKKINFLSKGKTDAEKQRKRSCSDDWQYCEYPHDCCSWSCDVVCS,1,positive,0.99900067,0.0019381342,0.007902416,0.009840550200000001
MKNIAMKTTVVLTILLLSVLTAINADTMKKRSDYCSNDFCFFSCRRDRCARGDCENGKCVCKNCHLN,1,positive,0.9989201,0.002089482,0.008456243,0.010545725
MYPAHLLLLLAVCVSLLGASAIPPLPLNLIQFTYLIECANKGRRTSFNYADYGCYCGIGGSGTPVDKLDRCCKTHDECYAQAEKKGCYPKLTMYNYYCGGGGPYCNSKTECQRFVCDCDVRAADCFARYPYNNKNYNINTSNRCK,1,positive,0.99884397,0.0021330826,0.008973255,0.011106337599999998
MEKLTILLLVAAVLTSTQALIQGGADERQKAKINFLSRSDRECRGYNAPCSAGAPCCSWWTCSTQTSRCF,1,positive,0.99879676,0.0023007088,0.009291335,0.0115920438
MKLTCVAIVAVLLLTACQLITAEDSRGTQLHRALRKTTKLSVSTRCKGPGAKCLKTMYDCCKYSCSRGRC,1,positive,0.9987808,0.0023492053,0.009398828,0.0117480333
MNPKLCMLLLVCLMAFYVIETVQAKLTGECPAELEKECLNRRCASPCCKNNKCHCGCGRKK,1,positive,0.9987741,0.0023658345,0.009443655,0.011809489500000001
MKTIIVLLLLTIVAAAVVESSPKARRQTECQIKNDCQRYCQSVKECKYGKCYCNYAG,1,positive,0.9987437,0.0024252154,0.009646944,0.012072159399999999
MKTLLLTLVVVTIVCLDLGDSLRCYMGPKTPRTCPPGENLCFTKTWCDPRCSLLGKLVKLGCAATCPIPKSYEDVTCCSTDNCNRFPKWERSRPRPRGLLSSIMDHP,1,positive,0.99872047,0.0024486037,0.0098021,0.012250703699999999
MNLASSACLLLLFLLGIAQALPVQNEEGHEEGNKEGHGEEGVEEGDEDDFVDFTTRILTSNNNTDQLLLEGDLVAPTNRNAMKCWYNSCFWKKASNGFVVIPYVISSQYSRGEVATIEGAMRAFNGRTCIRFVRRTNEYDFISVVSKNGCYSELGRKGGQQELSLNRGGCMYSGIIQHELNHALGFQHEQTRSDRDSYVRINWQNIIPASAYNFNKHDTNNLNTPYDYSSIMHYGRDAFSIAYGRDSITPIPNPNVPIGQRNGMSRWDITRSNVLYNCR,1,positive,0.99794394,0.0025382806,0.014774801,0.017313081600000002
MKLICVFIVAVLLLTACQLNAADDSRDTQKHRALRSTTKLSMSKKDSCVPDGDSCLFSRIPCCGTCSSRSKSCVG,1,positive,0.99861807,0.0026464632,0.010480159,0.0131266222
MNAKFILLLLVVTTTILLPDTQGAEVIKCRTPKDCADPCRKQTGCPHAKCMNKTCRCHRCG,1,positive,0.9986192,0.0026560463,0.010472614,0.0131286603
MEKLTILLLVAAVLMSTHAMFQGGGEKSRKAINFSETRKLARNKQKRCDGWSTYCHDDSECCSETCANSYCTLIKGVRTTSHPI,1,positive,0.998554,0.00275413,0.010900345,0.013654475000000001
MNLAPSTCLLLLFLLDIAQALPVWDEEGHEEGHEEGDGDDFVDITTRILTSNNNTDQLLLEGDLVAPTNRNAMKCWSSSCFWKKASNGLVVIPYVISSEYSGGEVATIEGAMRAFNGKTCIRFVRRTNEYDFISVVSKTGCYSELGRKGGQQELSINRGGCMYSGIIQHELNHALGFQHEQTRSDRDSYVRINWENIIPASAYNFNKHDTNNLNTPYDYSSIMHYGRDAFSIAYGRDSITPIPNPNVPIGQRNGMSRWDITRINVLYNCR,1,positive,0.9976332,0.0028523358,0.01667426,0.0195265958
MYPAHLLLLLAVCVSLLGASAIPPLPLNLIQFTYLIECANKGRRTSFNYADYGCYCGIGGSGTPVDKLDRCCKTHDECYAQAEKKGCYPKLTMYNYYCGEGGPYCNSKTECQRFVCDCDVRAADCFARYPYNNKNYNINTSKRCK,1,positive,0.99828225,0.003072124,0.012652904,0.015725028
MSNMPVLIITLLLFSMYISTAAQKPTEIKCRYPADCHIMCRKVTGRAEGKCMNGKCTCYY,1,positive,0.9983324,0.003184254,0.01233303,0.015517284
MKTLLLTLVVVTIVCLDFGYARTCLKTPEVKSEPCPPGQEVCYTKAWRDRMCSFRGKVIELGCAATCPRQEPGKEITCCSTDDCNTHP,1,positive,0.9983022,0.0031864538,0.012525392,0.0157118458
MKLTCVMIVAVLLLTVCKVVTSDQLKKLRRECYLEPGDSCFHHDGRGACCEGTCFFGVACVPW,1,positive,0.99833477,0.0032037864,0.012317839,0.0155216254
MNAKFILLLLVVTTTMLLPDTQGAEVIKCRTPKDCADPCRKQTGCPHGKCMNRTCRCNRCG,1,positive,0.99832755,0.0032049727,0.012363587,0.015568559700000002
MKTLLLSLVVMTIVYLDLGYTLKCHESENLDDHVVCEEDETMCYKFTFVPFRDFEIVARGCSASCPEEKDVVCCSTDLCNK,1,positive,0.9982499,0.0032858609,0.012858412,0.0161442729
MSTLKMMLLILLLLLPLATFDSDGQAIPGGGIPSAVNSRVGRLLGGDEKSGRSLEKRCSSGKTCGSVEPVLCCARSDCYCRLIQTRSYWVPICVCP,1,positive,0.9981024,0.0035833933,0.013787891,0.0173712843
MAVKFHLCLLLIILVGMGAHVAFADLPLCDYPYGACFYRADPCPDDMPVECPNYFYCPQQTDRCCCYE,1,positive,0.99810785,0.0035899035,0.013754313,0.017344216500000002
MNTIIPLLLLSLLITVYAYALEDGNKEEMQDIAESEFEASNEMLQLAHLLEADRAETEEDRNSRQKRCWGANVPCEDENSPCCPPLKCEKTFGYGWWYGSPFCVRSGSG,1,positive,0.99804085,0.0036423919,0.014172728,0.017815119900000002
MAPLLKLNILLLIVLICFTFHANATHRCVRHGEYCNERIRLDCCFGDCVKNKCSDDF,1,positive,0.99806064,0.003692778,0.014049813,0.017742591
MRLAYLLLLLVAVLFQAGGGSVEAFVQHRPRDCESINGVCRHKDTVNCREIFLADCYNDEQKCCRK,1,positive,0.9980377,0.0037385984,0.0141925495,0.0179311479
MKLTCVVIVAVLLLTACQLITADDSRGTQKHRSLRSTTKVSKATDCIEAGNYCGPTVMKICCGFCSPYSKICMNYPKN,1,positive,0.99779594,0.004132771,0.015684813,0.019817584
MKTLLLTLLVVTIVCLDLASTMICYSHKTPQPSATITCEEKTCYKKSVRKLPAIVAGRGCGCPSKEMLVAIHCCRSDKCNE,1,positive,0.99774367,0.0042319475,0.01600411,0.020236057499999998
MRTIVFLIVSILLLSSAVLMLAEGNAASHELQEYPIEESLEEQRKCVDGSCDPYSSDAPRCCGSQICQCIFFVPCYCKYRGK,1,positive,0.9977235,0.004252457,0.016126802,0.020379259
MILQVVLLLACLSGAIVSTGACCPPSRFNAFQYVTIVNSTTRTRGLYYMVYDGPNERYLLTGDRLKNLYGTTRVIYDYKKGIAYNIDVQKRSCTTFPLHGKFEDQENVCVPRDAVYTGRSAYGFDQGALHSWSYEYNRTHPDGRHQNIETTVTKENCIPIVTTTISTDASGGNSLHILGYNDFYPGIRDISMLEIPSYCRA,1,positive,0.9976474,0.0043743434,0.016588073,0.0209624164
MVSPLQFLRLLLLWVPASRGDVVMTQSPAFLSVTPGEKVTITCQASEGIGNYLYWYQQKPDQAPKLLIKYASQSISGVPSRFSGSGSGTDFTFTISSLEAEDAATYYCQQGNKHP,1,positive,0.9969834,0.0046814363,0.020519339,0.025200775300000002
MSSGGLLLLLGLLTLWAELTPISGQDRPKKPGLCPPRPQKPPCVRECKNDWRCPGEQKCCRYGCIYECRDPIFVK,1,positive,0.997146,0.005126184,0.019571476,0.02469766
MRPSFPLLLIMLLVCTAHHMVSGENAQSCTPEQQKTCKQYSCINPCCENNQCRCGCGILEGESK,1,positive,0.9972601,0.005141541,0.018901136,0.024042677
MNFATKVSLLLLAIAVIVIVEGGEGDSWFEEHEESDTERDFPLSKEYESCVRPRKCKPPLKCNKAQICVDPNKGW,1,positive,0.9972016,0.0051508434,0.019245455,0.024396298400000002
MVTFSHVSSLSHWFLLLLLLNLFLPVIFAMPESYSFNCPDGEYQSNDVCCKTCPSGTFVKAPCKIPHTQGQCEKCHPGTFTGKDNGLHDCELCSTCDKDQNMVADCSATSDRKCECQIGLYYYDPKFPESCRPCTKCPQGIPVLQECNSTANTVCSSSVSNPRNWLFLLMLIVFCI,1,positive,0.99684244,0.005317747,0.02133375,0.026651497
MLRPKALTQVLSQANTGGVQSTLLLNNEGSLLAYSGYGDTDARVTAAIASNIWAAYDKNGHQAFNEDNLKFILMDCMEGRVAITRVSNLLLCMYAKETVGFGMLKAKAQALVHYLEEPLNQVSSS,0,negative,3.5845524e-09,7.1679556e-09,6.4931776e-08,7.209973159999999e-08
PQMMGIPLILIAIILPMLLMFTSSTRLSSNRMTTMQLWVMNTITKQLFLPVNMPGHKWAAMLITLMIFLLSMNMLGLLPYTFTPTTQLSMNMALAAPLWLATVLTGLRNQPTASLGHLLPEGTPTPLIPLLIIIETVSLFIRPLALGVRLTANLTAGHLLIQLISTAAFVLMPTMPMAALSTLIVLMLLTGLEIAVAMIQAYVFTLLLTLYL,0,negative,7.2533464e-09,1.4505652e-08,1.2965545e-07,1.44161102e-07
MSSSRYEPSWDVDLAPLLSCKLCLGEFPLEQMTTISQCQCIFCSLCLKQYVELLIKEGLETAISCPDSACPKQGHLLENEIECMVAGEVMQHYKRLQFEREVLLDPCRTWCPSSSCQAVCQLNEAEVQLPQPVQCPECSLRFCSACRADCHTGQACQEMLPITTFLPGENGSNLKSQEDEAPIKRCPKCKVYIERDEGCAQMMCKNCKHAFCWYCLESLDDDFLLIHYDKGPCRNKLGHSRASVIWHRTQVVGIFAGFGLLLLVASPFLLLATPFVLCCKCKCKRGDDDPLPT,0,negative,1.7631654e-08,3.52546e-08,3.0686667e-07,3.4212127e-07
MNPPFAKVSWATVTLLLLLLLLPPAVLSPGAAAQPLPDCCRQKTCSCRLYELLHGAGNHAAGILTLGKRRPGPPGLQGRLQRLLQASGNHAAGILTMGRRAGAEPAPRLCPGRRCLAAAASSVAPGGRSGI,0,negative,1.86799e-08,3.7342968e-08,3.244151e-07,3.61758068e-07
MTLSFFDQFLSPTLFGIPLIALALLLPWTLFPAPSSRWVNSRLLTLQSWFINRFTQQLLLPLNMGGHKWGPYILLVMVFLISINMLGLLPYTFTPTTQLSVNMALAVPVWLMTVIIGLRKNPTAALGHLLPEGTPVPLIPALILIETISLFIRPLALGVRLTANLTAGHLLIQLIATAAFVLLPLMPTVAILTTILLFLLTLLEVAVAMIQAYVFVLLLSLYLQENV,0,negative,2.024473e-08,4.0483638e-08,3.5051613e-07,3.90999768e-07
MQEMKPAALSGSNGLNGASGSSVRVPCSRLSRAGRMALDLQSKCAAYVLALRPWSFSASLTPVALGSALAYKLEGSVDLLLLLVCAVAVLLVHGAGNLVNTYYDFSKGIDHKKSDDRTLVDQILKPQDVVMFGAVLYSAGCLCATLLYFLSSLKLEHLALIYFGGLSSSFLYTGGIGLKYVALGDVVILITFGPLAVMFAHAVQVGYLSVLPLVYAVPLALNTEAILHSNNTRDMDSDKQAGIVTLAILLGPTLSYVIYNLLLFVPYLLFCILATRYTISMALPLLTLPMAFPLERQFRCRCYAKIPQKTAKLNLLMGLFYVFGIILAPQGSLPLL,0,negative,3.317381e-08,6.629454e-08,6.221672e-07,6.8846174e-07
MTMNMFEQFMSPELLMIPTALLSMLVPVLLIHHNPKLLGNRMTTAIAWLLMTIMSNMTNQLTPSGQKWCQVLTSLLLMILLSNLLGLLPYTFTSTSQLSMNMAMAIPLWMATIITGMTKKPSITLAHMLPEGSPTPLIPFMIIIETISLLMRPLALGVRLTANITAGHLLMTMVSTTTLNFITSHITLSIMTYLLLFLLCILELAVACIQAYVFVLLIILYLQENT,0,negative,4.469278e-08,8.937391e-08,8.069365e-07,8.9631041e-07
MMTNLFSTFDPSTNLFNLSLNWTSTFLGLLLIPSMFWLMPSRINILWNKMNLNLHNEFKTLLGKNSFQGSTLILISIFIMMLFNNFMGLFPYIFTSTSHMTLTFSIALPMWMSFMLFGWINNTNHMFTHLVPQGTPNALMSFMVLIETISNVIRPGTLAVRLAANMIAGHLLLTLLGNTGPSLTTSIMLFLIIGQMLLLILESAVAMIQAYVFSILSTLYSSEVY,0,negative,5.9113745e-08,1.1820849e-07,1.0938479e-06,1.21205639e-06
MMTNLFSVFDPSAIFNLSLNWLSTFLGLLMIPSIYWLMPSRYNIFWNSILLTLHKEFKTLLGPSGHNGSTFIFISLFSLILFNNFMGLFPYIFTSTSHLTLTLSLALPLWLCFMLYGWINHTQHMFAHLVPQGTPAILMPFMVCIETISNIIRPGTLAVRLTANMIAGHLLLTLLGNTGPSMSYLLVTFLLVAQIALLVLESAVTMIQSYVFAVLSTLYSSEVN,0,negative,6.021086e-08,1.2040164e-07,1.0513837e-06,1.17178534e-06
MMVDLFSSLDGMTSLWSWLTPMFLSVFMIWNKTWSMDQNNIIKYLAASNWNNSTYNLTKSLLTIMMVLIIFNNLLGMAPFTYGITTSLWVNMTLALLLWGLILLSGYIKSPKKSLAHLAPSGAPLLLLPFLILIESISIMIRPLTLTVRLVANMSAGHIILALMASVLSSNLSNTSLSLSYLIMVGYYLFEFFVCFIQAYIFTLLLSLYMNEHP,0,negative,6.950844e-08,1.3900102e-07,1.1958871e-06,1.33488812e-06
STVLLFSSILLMLKNNLNNEINESFTSMIIMSALLLKSGAAPFHFWFPNMMEGLTWMNALVLMTWQKIAPLMLISYLNIKYLLLISVILSVIIGAIGGLNQTSLRKLMAFSSINHLGWMLSSLMISESIWLIYFFFYSFLSFVLTFMFNIFKLFHLNQLFSWFVNSKILKFTLFMNFLSLGGLPPFLGFLPKWLVIQQLTLCNQYFLLLLMMMSTLITLFFYLRICYSAFMMNYFENNWIMKMNMISSNTNMYLIMTFFSIFGLFMISLFYFMF,0,negative,7.1906975e-08,1.4379575e-07,1.2329598e-06,1.37675555e-06
MNPITFSVVLTSLASEQFLAVSSSHWLLAWMGLEINTLAIIPLMTQHKHPRAIEASTKYFLTQAAASALLLFSSLNNAWLTGEWSILDLTNPLSCATMTIAICMKLGLAPFHFWLPEVLQGLSLTTGLILSTWQKLAPMAILYQIAPMLNTPLLLTLGLTSTLIGGWGGLNQTQLRKILAFSSIAHLGWMISILPFSPQLMILNLTIYLIMTSTMFLVLKTISSTKISSLATSWSKTPSTTALSLLTLLSLGGLPPLSGFVPKWFIIQELTSQNTTILATTLALSALLSLFFYLRLTYIVTLTSSPNTSNASLTWRHHSKQPTLLLSIALILSSFIIPISPLTLT,0,negative,7.6785525e-08,1.5352384e-07,1.308124e-06,1.46164784e-06
MASSLTCTGVIWALLSFLCAATSCVGFFMPYWLWGSQLGKPVSFGTFRRCSYPVHDESRQMMVMVEECGRYASFQGIPSAEWRICTIVTGLGCGLLLLVALTALMGCCVSDLISRTVGRVAGGIQFLGGLLIGAGCALYPLGWDSEEVRQTCGYTSGQFDLGKCEIGWAYYCTGAGATAAMLLCTWLACFSGKKQKHYPY,0,negative,7.806552e-08,1.5596737e-07,1.3277934e-06,1.48376077e-06
MNPLILTIILMTVFLGTMIVMASSHWLMIWIGFEMNLLAIIPILMKKYNPRAMEASTKYFLTQATASMLLMMAIIINLMHSGQWTITKVFNPTASIIMTLALAMKLGLTPFHFWVPEVTQGISLTSGLILLTWQKLAPMSILYQISPSINLNILLTMAVLSILVGGWGGLNQTQLRKIMAYSSIAHMGWMAAILVYNPTLTMLNMLIYIMMTLTMFMLFIHSSSTTTLSLSHTWNKAPLITTLILITLLSMGGLPPLSGFMPKWMIIQELTKNSSIILPTLMAIMALLNLYFYMRLTYSTSLTMFPSTNNMKMKWQFETKQITLLPPLIIASSLLLPLTPMLSILD,0,negative,8.2179156e-08,1.6432047e-07,1.3908684e-06,1.55518887e-06
MNPLIFTTIVLTIIMGTMIVMTSSHWLTVWIGFEMNMLAVIPILMKNYNPRSMEASTKYFLTQATASMLLMLAIIINLLYSGQWSITKPLNQTASIIMTLAMAMKLGLSPFHFWVPEVTQGIQLSSGLILLTWQKLAPMSILYQIFPTINLNLMLLMSVLSVAIGGWGGLNQTQLRKIMAYSSIAHMGWMTAIMAYNPTMTLLNLVIYILLTTTTFMMFMLNSSTTTLSLSHTWNKAPLLTMTILTIMLSMGGLPPLSGFLPKWMIIQEMVKNDNIITPTIMAVTALLNLYFYMRLTYSTSLTMFPSTNNMKMKWQLNNTKSTAHVSPLIILSTLALPLSPILMLLE,0,negative,1.9731692e-07,3.9450993e-07,3.2153275e-06,3.60983743e-06
MEGQDEVSAREQHFHSQVRESTICFLLFAILYVVSYFIITRYKRKSDEQEDEDAIVNRISLFLSTFTLAVSAGAVLLLPFSIISNEILLSFPQNYYIQWLNGSLIHGLWNLASLFSNLCLFVLMPFAFFFLESEGFAGLKKGIRARILETLVMLLLLALLILGIVWVASALIDNDAASMESLYDLWEFYLPYLYSCISLMGCLLLLLCTPVGLSRMFTVMGQLLVKPTILEDLDEQIYIITLEEEALQRRLNGLSSSVEYNIMELEQELENVKTLKTKLERRKKASAWERNLVYPAVMVLLLIETSISVLLVACNILCLLVDETAMPKGTRGPGIGNASLSTFGFVGAALEIILIFYLMVSSVVGFYSLRFFGNFTPKKDDTTMTKIIGNCVSILVLSSALPVMSRTLGITRFDLLGDFGRFNWLGNFYIVLSYNLLFAIVTTLCLVRKFTSAVREELFKALGLHKLHLPNTSRDSETAKPSVNGHQKAL,0,negative,2.2638804e-07,4.5184643e-07,3.6926e-06,4.14444643e-06
MTPMTTLIMLFSLLLGTTLTLTSSHWLLMWMGLEVSTLAIIPLLTYTNHPRSIESAIKYFLTQATASMLLMFAASLNTWMTGHWTLMQIDNTISSGIMTFALAMKLGLAPFHYWVPEVLQGSSLMSGMILLTWQKLAPISIIYQISPTLNMDILLTLAISSTLLGGWNGLNQTQLRKVMAYSSIAHMGWMVLIIIYFPTLTTLNLTLYIMSTVALFTVFHTTNITKTKPLSLMWNKAPIMTLAIILLLLSLGGLPPLTGFAPKWLVIQELIKHDNMIMATVLAITALLNLFFYMRIIYSSTLTTFPTTNNNKFHWYSKSTKNPLSLPTLVILSTTLLPLTPMFITLS,0,negative,2.682214e-07,5.362116e-07,4.28718e-06,4.8233915999999994e-06
MARGCLCCLKYMMFLFNLIFWLCGCGLLGVGIWLSVSQGNFATFSPSFPSLSAANLVIVIGTVVMVTGFLGCLGAIKENKCLLLSFFIILLIILLTELILLILFFVYMDKVNENAKQDLKDGLLLYNSENNVGLKNAWNIIQAEMHCCGVTDYTDWYPVLGENTVPDRCCMENSQDCGHNSTSLVWKTGCYEKVKMWFDDNKHVLGTIGMCILIIQILGMAFSMTLFQQIHRTGKKYDA,0,negative,2.8769284e-07,5.722811e-07,4.621242e-06,5.1935231e-06
MTYLILLGASICLFPFWEVTMLTLAFIIPMSLTYLNINFTFSFSSELIWLTPIGTALIFLTLMVTLLVLIGTYNIKNYKYIGCLSSLNLVLMMAFCVCDFLTFYVMFEVSLIPTLLLILLWGYQPERMQAGFYLMLYTVTASLPLLLLLLYLYYTVGSLNFYIIMVYYSFNNNPLMLVGLMMAFLVKLPIYTCHLWLPKAHVEAPLGGSMVLAGVLLKLGGYGLYMLINFIISKSSSLVISVIITLSLWGAVIASIICIQQVDIKALVAYSSVAHMSLVSAGILMMSNWSYTCAKMTMIAHGYTSSALFVLANLSYLKIKSRSLMFMKGLLAIFPAMAFYWFLFSCMNMAAPPTLNFIGELLIIPSMYIASYMLLILMCIIMFISAGYSLYMYMTVNHGELGLYITPSIQLKNVDYHVLTAHLLPTFILLIPQLFSV,0,negative,4.0127767e-07,8.020905e-07,6.3176185e-06,7.119709e-06
MPQMAPISWLLLFIIFSITFILFCSINYYSYTPNSPKSNELKNINLNSMNWKW,0,negative,5.5215787e-07,1.1037126e-06,8.4828125e-06,9.5865251e-06
MAGARLLQEGRVSIVSFTLGASVISLPLLTSSFTEQTLLAAAPGRIALVFFIAALNGLLLLLYKAQLYQVAIRASFLGFAFGCGLLLSITQSPWKPFGWYVCSLSFFHYSEYLVTAMNNPRSLSIDSFLLNHSLEYTLAALSSWVEFTIETTIYPDLKQITWLSVIGLIMVLFGEVLRKCAMLTAGSNFNHIVQNEKSDSHTLVTSGVYSWFRHPSYVGWFYWSIGTQVLLCNPLCLVGYTLASWRFFSERIEEEEFSLIHFFGENYLEYKKKVPTGLPFIKGVKMEP,0,negative,5.968558e-07,1.1918021e-06,9.140022e-06,1.03318241e-05
MSSAPASGGLRLLVCFLGVFVCYFYYGILQETITRRTYGEGEKQEKFRFALSLVFVQCIVNALFAKLLIQCFDSGKTDRTQSWLYSACSLSYLGAMVSSNSALQFVNYPTQVLGKSCKPIPVMLLGVTLLRKKYPLTKYLCVLLIVFGVALFMYKPKTGSGDGDHTVGYGELLLLLSLTLDGLTGVSQDYMRAHFQTGSNHMMLSINLWSSLFLGAGIVLTGELWDFLSFTERYPSIVYNIVLFSLTSALGQTFIFMTVVYFGPLTCSIITTTRKFFTILASVILFSNPISSIQWVGTLLVFLGLGLDATYGKGSKKPSH,0,negative,6.9511043e-07,1.3873828e-06,1.0561434e-05,1.19488168e-05
MACLEIPQQPQLVCQKATPSDPAGCDGGPGGPTEGDLECLVCREPYSGVRPPKLLGCQHAFCAVCLKLLLCVQDDAWSIPCPLCRKVTAVPGGLVCTLRDQEKVLERLARPGLEVPLRPQGLANPATLTAGQPREAGEEEQDAVTTNRAAARRLAAHLLLLVLLIILILPFIYPGVIRWVLSFLETLALLLALLFCSHPGQQDGCMPTPRTLFCRERKPSEIASIS,0,negative,8.057787e-07,1.6109014e-06,1.2130776e-05,1.37416774e-05
MEARVCVLFGAAALLRLLLLCVGVYQDQTLKLKYTDVDYHVFTDAARFITQGESPYRRSTFRYTPLLALLLVPNVYLSLLFGKLLFGFCDLLSGLLMFRLLVLRGASHGSACVSCGLWLLNPLPMAVSTRGNAESVLAVLVLSTLLCLQLRKHTTAALLFGLSVHMKIYPVTYALPIALALTAAPARGRGVLLRFFSPALLRFAAVSAAVFLSLGLIFYCRYGWEFLQEAYLYHLTRRDLRHNFSPFFYLQYVCAERCWSSGLLPLLLLPQLLLLLLASAAFSSDLPFCCFLHTAVFVSFNRVCTSQYFLWYLCLLPVVLPRLRLRLGRGLLLLLLWLLLQGLWLAPAYLLEFQGWNSFSWIWAASLLFLLTNTFILAQIIQHYRPHDRKAD,0,negative,9.2694717e-07,1.8521033e-06,1.3820292e-05,1.56723953e-05
MAPPRTNNRPVTRRKKPSNLLLLLKEKYVNWNFIKYLAFEPAALPIVSVLIVLAEAVINVLVIQRVPYTEIDWKAYMQECEGFLNGTTNYSLLRGDTGPLVYPAAFVYIYSGLYYLTGQGTNVRLAQYIFACIYLLQMCLVLRLYTKSRKVPPYVLVLSAFTSYRIHSIYVLRLFNDPVAILLLYAALNLFLDQRWTLGSICYSLAVGVKMNILLFAPALLLFYLANLGVLRTLVQLTICAVLQLFIGAPFLRTHPMEYLRGSFDLGRIFEHKWTVNYRFLSKELFEQREFHLVLLALHLLLLLCFAKPTWTFFRSYLRLREVQQQIVPQILHKNREQQNQAKIQAKKSKQLVEQQQEEEDEQLSAEQKSFLKAFERSLQQSTGQKSLEPHLNQKQEQYDIYFEPCTQLALLPFFLCNFIGVACARSLHYQFYIWYFHSLPYLVWSTPYSLGVRYLILGIIEYCWNTYPSTMESSIALHLCHLILLVGVARHVYRILRLNATVKQQQRQEQSTLQNGQPKTSKKSQ,0,negative,1.2200085e-06,2.43588e-06,1.7794566e-05,2.0230446e-05
MISLLQMKFHALLLLLSKVWTCICFMFNRQVRAFIQYQPVKYELFPLSPVSRHRLSLVQRKTLVLDLDETLIHSHHNAMPRNTVKPGTPHDFTVKVTIDRNPVRFFVHKRPHVDYFLDVVSQWYDLVVFTASMEIYGAAVADKLDNGRNILRRRYYRQHCTPDYGSYTKDLSAICSDLNRIFIIDNSPGAYRCFPNNAIPIKSWFSDPMDTALLSLLPMLDALRFTNDVRSVLSRNLHLHRLW,0,negative,1.6317204e-06,3.251645e-06,2.3343457e-05,2.6595102e-05
MDFSTHRLTTLLLLLLATVALGNAQSSQLTVDSHDITVLLNSNETFLVFANGLLDSDVEVALGTDSEDHLLLDPATFVYPAGSTRNQSVVITGLKAGNVKVVADSDDANKEIVKDVFVRVTVAKSRALIYTSIIFGWVYFVAWSVSFYPQIWSNYRRKSVEGLNFDFLALNIVGFTLYSMFNCGLYFIEDLQNEYEVRYPLGVNPVMLNDVVFSLHAMFATCITILQCFFYQRAQQRVSFIAYGILAIFAVVVVVSAGLAGGSVIHWLDFLYYCSYVKLTITIIKYVPQALMNYRRKSTSGWSIGNILLDFTGGTLSMLQMILNAHNYDDWVSIFGDPTKFGLGLFSVLFDVFFMLQHYVFYRHSRESSSSDLTTVTDVQNRTNESPPPSEVTTEKY,0,negative,2.9136659e-06,5.7402326e-06,3.9988907e-05,4.57291396e-05
MASPRTVTIVALSFALGLFFVFMGTIKLTPRLSKDAYSEMKRAYKSYAKALPALKKMGVSSVLLRKIIGTLEVGCGIVLTLVPGRPKDVANFILLLVMLAVLFFHQLVGDPLKRYAHALVFGILLTCRLLIARQAEDRPEREERREEQINAQEKNKVKVS,0,negative,3.6428996e-06,7.2594516e-06,4.924494e-05,5.6504391600000006e-05
MPLAAVSLGLLLLALLLLLRHLGWGLVTIFWFEYVLQPVHNLIMGDTKEQRILRYVQQNAKPGDPQSVLEAIDTYCTQKEWAMNVGDAKGQIMDAVIREYSPSLVLELGAYCGYSAVRMARLLQPGARLLTMEMNPDYAAITQQMLNFAGLQDKVTILNGASQDLIPQLKKKYDVDTLDMVFLDHWKDRYLPDTLLLEKCGLLRKGTVLLADNVIVPGTPDFLAYVRGSSSFECTHYSSYLEYMKVVDGLEKAIYQGPSSPDKS,0,negative,4.3936234e-06,8.698859e-06,5.8597656e-05,6.7296515e-05
MLPFASCLPGSLLLWALLLLLLGAASPQDSEEPDSYTECTDGYEWDADSQHCRDVNECLTIPEACKGEMKCINHYGGYLCLPRSAAVINDLHGEGPPPPVPPAQHPNPCPPGYEPDEQESCVDVDECAQALHDCRPSQDCHNLPGSYQCTCPDGYRKVGPECVDIDECRYRYCQHRCVNLPGSFRCQCEPGFQLGPNNRSCVDVNECDMGAPCEQRCFNSYGTFLCRCNQGYELHRDGFSCSDIDECSYSSYLCQYRCVNEPGRFSCHCPQGYQLLATRLCQDIDECETGAHQCSEAQTCVNFHGGYRCVDTNRCVEPYVQVSDNRCFCPVSNPLCREQPSSIVHRYMSITSERSVPADVFQIQATSVYPGAYNAFQIRAGNTQGDFYIRQINNVSAMLVLARPVTGPREYVLDLEMVTMNSLMSYRASSVLRLTVFVGAYTF,0,negative,5.9045865e-06,1.1650787e-05,7.698078e-05,8.8631567e-05
MTATILMIAMTLSTILAILSFWLPQMTPDMEKLSPYECGFDPLGSMRLPFSMRFFLIAILFLLFDLEIALLLPFPWAAQLNTPSIVILWAALILTLLTLGLIYEWLQGGLEWAE,0,negative,6.270981e-06,1.2520326e-05,8.137218e-05,9.3892506e-05
MLPFWIALQFLSSLPVRLPGMPRPEELGRSLLFYPLVGLLFGVLLWVLNAMLGGVPLLLHAALLLTAWVLLSGGLHLDGLADSADAWLGGFGDRERTLSIMKDPRSGPIAVVTLVLVLLLKFTALVALIEQQQGFALLLAPLIGRGALLGLFLCTPYVRAGGLGQALADHLPRVAGRQVLGLSVLACLLLGGYSGLWAVLLATVLFFWLRQVMMRRLGGTTGDTAGAVLELLETAVLLGVALF,0,negative,6.735361e-06,1.3267848e-05,8.693092e-05,0.00010019876800000001
MLLLFLNSVGFIVPVLLAVALLTLIERKMLGYMHVRKGPNNVGPYGLLQPIADGFKLLIKETLKPSNASPYLFYSSPALFLFLAILLWSIIPVGESTLNFNLSLVLILGLSSLSVYSLLGSGWSSNS,0,negative,6.706984e-06,1.3383263e-05,8.6561726e-05,9.9944989e-05
MEFLWAPLLGLCCSLAAADRHIVFWNSSNPKFREEDYTVHVQLNDYLDIICPHYEDDSVADAAMERYTLYMVEHQEYVACQPQSKDQVRWNCNRPSAKHGPEKLSEKFQRFTPFILGKEFKEGHSYYYISKPIYHQESQCLKLKVTVNGKITHNPQAHVNPQEKRLQADDPEVQVLHSIGYSAAPRLFPLVWAVLLLPLLLLQSQ,0,negative,6.9500325e-06,1.3732197e-05,8.950762e-05,0.000103239817
MGGGGQLTEPGEQGSGRAGGVYTWEEVQSHSSRNDQWLVIDRKVYNITQWAKRHPGGIRVISHCCGEDATDAFAAFHPDQRYVRKFMKPLLLGELTPSEPSQDHDKNAALMEDFRDLRKRLESQGLFRTSPLFFILYLGHILLLEALSVALLWNFGNGWIISLLLSVLLATSQAQAGWLQHDFGHLSVFKNSTWDHLMHKFIIGHLKGASANWWNHRHFQHHAKPNIVSKDPDVNMLNILVLGNILPVEYGIKKVKHMPYNHQHRYFFLVGPPLLLPLYFNLHVIQTMYLQRDWVDFAWFLSYYARFFMFYSPYYGILGSLVLITFVRFLESHWFVWVTQMNHIPMDIDHDKHDDWLSMQLKATCNIEHSQFNDWFSGHLNFQIEHHLFPMMPRHNYSRASPQVRELCEKYGIQYQVKGLWESWCDIVRSLKKSGELWLDAYLHK,0,negative,7.1075838e-06,1.4137568e-05,9.1338705e-05,0.000105476273
MPQLSPINGFVILCSISLMLLTLLINGHFMLKPISSLTTPKLKMAYIKKLYF,0,negative,7.355365e-06,1.4697681e-05,9.426236e-05,0.000108960041
MNPMSWLIITTSIALSTTMITSTTHWLMTWACLEINTLSMVPLISKPNHPRATEAATKYYLIQTMASTSMLFAATTNALNTSNWETHLTTEPMATTIITLALMMKMAAAPFHSWLPSVSQGTTTLTTLTILTWQKIAPLTILLTTHNKTNITLILLSAMLSITMGGLGSLNQTQLRKLMAFSSIAHTGWIMATITMAPKISTLTFTIYIMTTIPTFLLINTTMSMTIKDLGTMWTNSPYTMTILSMTILSMGGLPPLSGFMPKWLILNNLISMNMITEATLMAMASLLSLYVYMRLTYMSSMTLSPHTTTMPLKWRTSNKKHPMGTSMLTMMTMLLLPLSPNM,0,negative,7.553675e-06,1.5083459e-05,9.664385e-05,0.000111727309
MNLITTIITITITLSAVLATVSFWLPQISPDAEKLSPYECGFDPLGSARLPFSLRFFLIAILFLLFDLEIALLLPLPWGDQLNTPTLTLVWSTAVLALLTLGLIYEWTQGGLEWAE,0,negative,8.169769e-06,1.629912e-05,0.000103865226,0.000120164346
MRPLSGLIALALLLLLLLTAPSSAADTETESSGSPLTPGAEEPRRVVKRAPTSSFIGMRGKKDEEHDTSEGNWLGSGPDPLDYADEEADSSYAENGRRLKKAPLAFVGLRGKKFIPINNRLSDVLQSLEEERLRDSLLQDFFDRVAGRDGSAVGKRAPTGFTGMRGKRPALLAGDDDAEADEATELQQKRAPVNSFVGMRGKKDVSHQHYKRAALSDSYDLRGKQQRFADFNSKFVAVRGKKSDLEGNGVGIGDDHEQALVHPWLYLWGEKRAPNGFLGMRGKRPALFE,0,negative,8.354581e-06,1.660981e-05,0.000106022235,0.000122632045
MDTGPDQSYFSGNHWFVFSVYLLTFLVGLPLNLLALVVFVGKLRCRPVAVDVLLLNLTASDLLLLLFLPFRMVEAANGMHWPLPFILCPLSGFIFFTTIYLTALFLAAVSIERFLSVAHPLWYKTRPRLGQAGLVSVACWLLASAHCSVVYVIEFSGDISHSQGTNGTCYLEFRKDQLAILLPVRLEMAVVLFVVPLIITSYCYSRLVWILGRGGSHRRQRRVAGLVAATLLNFLVCFGPYNVSHVVGYICGESPVWRIYVTLLSTLNSCVDPFVYYFSSSGFQADFHELLRRLCGLWGQWQQESSMELKEQKGGEEQRADRPAERKTSEHSQGCGTGGQVACAEN,0,negative,1.2347734e-05,2.4634239e-05,0.00015188265,0.000176516889
MEQPSIYNYSWVDFVFSVIGVFTFFVDWGADVWVATEFYRRGDFFWFGVLVGLMVLSSVLVQMFSWFWLQYDRGLPDLQTGGGTVLFGDRLRLSCLLHVLQLGFLCRHISAIRQGFRVWWRKEEGSEYAFYLSHDLSMLRLIETFSESAPQLTLMIYVMLRTQRARAVQFVSVAASTTSIAWMVVDYHRCLRSFLPDKARQGWASSLIYFLWNLLLIAPRVAALALFASVVGGYLGLHLLLLWLVFVTWAWLQRTHFMDSPGGEWLYRATVGIIWYFSWFNVAEGRTRGRSAIYHAFITADGAILLVTWWCCREPVQAEPYALALLLTLLLSYLLGLLFKSLYYCCFHPTLWRPPAREPGLPDDLPDADVTFRHLSIQDGAPASRPLNRRMALHAADFYSARTS,0,negative,1.2380574e-05,2.4695395e-05,0.00015222092,0.000176916315
MQKGSEDTTQNRCHQHSIGGHSTCGLLLLIILVSWTSICEGAPFSSPVLGAEDELPLWNGIDDACSAVLPDPQLAVSSTLRELCFMVMRMQQKSQGEEKDDFKRFLFHYSKSHDSGNSDITSSVLHPLLQLLPQLHDRRMKRLTSDEEVQVPGGVISNGYFLFRPRNGRRSAGFR,0,negative,1.4214602e-05,2.7978167e-05,0.0001728284,0.000200806567
MWHLKLCAVLMIFLLLLGQIDGSPIPEVSSAKRRPRRMTPFWRGVSLRPIGASCRDDSECITRLCRKRRCSLSVAQE,0,negative,2.258374e-05,4.3612577e-05,0.00026418708,0.00030779965699999996
MKFIFMYFIFIILISSILLLLNKFISIYKKKDYEKSSPFECGFNPITKANLPFSLPFFLMTMMFLIFDVEIILFLPIIFYLKSSSTMISYLMISIFLILLITTLILEWMNNYLNWLF,0,negative,2.193495e-05,4.38089e-05,0.0002571703,0.0003009792
MAVCARLLEWIFFFYFFSHIPITLLVDLQAVLPPSLYPQELLDLMKWYTVAFKDHLMANPPPWFKSFVYCEAILQLPFFPVAAYAFFKGGCKWIRIPAIVYSAHVATTVIAIIGHILFGEFPKSDVIAPLTQKDRLTLVSIYAPYLLVPVLLLLTMLFSPRYRQEEKRKRK,0,negative,3.4635676e-05,6.706757e-05,0.00039034977,0.00045741734000000005
MNNILAIALGAAIGANLRYGIGLWAAQRFGTAWPYGTFIINLLGCLGIGLLLTLISTRLTLSEPVRLMLVTGLLGGFTTFSTFGYESFSLLSSGNWLPAIGYMVGSVVGGLIAVIIGVGLGRWFGG,0,negative,3.918294e-05,7.587568e-05,0.0004368089,0.00051268458
MMSLTFMAGLIFPVFMMLKGINPMSLLLALLTLSLCAVLWLGSFMSSWYAYILFIVYIGGILVLFIYVCMISSNYIASQHMYKSLLYAWGAVMLMSLTMETDTFIILGSNMMYTSVNIPMTILIFLSIYLLIVFFAVVNLMVNMTSILMVESSQV,0,negative,3.935619e-05,7.859838e-05,0.00043857208,0.00051717046
MTIYSYLLLLCMVMFVTFFTQKNNILSLMVVLESLMLITLSSVAVSLNYMAGSSMVMILLLCFAAAEAALSLSLLVCFIQVNSSCEMLAMNKILFAKKS,0,negative,5.6007924e-05,0.00011179961,0.00060433534,0.0007161349499999999
MITFLPIIFSSLVVVTFVIGNFANGFIALVNSIEWFKRQKISFADQILTALAVSRVGLLWVLLLNWYSTVLNPAFNSVEVRTTAYNIWAVINHFSNWLATSLSIFYLLKIANFSNFIFLHLKRRVKSVILVMLLGPLLFLACHLFVINMNEIVRTKEFEGNMTWKIKLKSAMYFSNMTVTMVANLVPFTLTLLSFLLLICSLCKHLKKMQLHGKGSQDPSTKVHIKVLQTVISFLLLCAIYFLSIMISVWSFGSLKNKPVFMFCKAMRFSYPSIHPFILIWGNKKLKQTFLSVFWQMRYWVKGEKTSSP,0,negative,7.811619e-05,0.00014342825,0.00081683835,0.0009602666
MASSRRGLLLLLLLTAHLGPSEAQHWSHGWYPGGKRALSSAQDPQNALRPPGRALDTAAGSPVQTAHGLPSDALAPLDDSMPWEGRTTAQWSLHRKRHLARTLLTAAREPRPAPPSSNKV,0,negative,8.088302e-05,0.00015675917,0.0008429911,0.00099975027
MSRHVTVVLLLAIVLLLSSHMIHGQHWSYGLRPGGKREVESLQESYAEVPNEVSFTELQHLECSIPQNRISLVRDALMNWLEGENARKKI,0,negative,0.00018715658,0.00029919393,0.0017936017,0.00209279563
MSFILSFWMIFLIDSVIVLLSFVCFVCVWICVLLLSTVLFVTKINNIYCTWDFVSSKFVDTYWFVIGVMFIMCLLLRLCLLLYFGCLNFVSFDLCKVVGFQWYWVYFLFGETTIFSNLILESDYLVGDMRLLQCNHVLTLLSLVIYKLWVSAVDVIHSFTLASLGIKVDCIPGRCNEIILFASNNATIYGQCSELCGVLHGFMPIVICFI,0,negative,0.00018398804,0.00036555453,0.0017663876,0.00213194213
MPAACRCLFLLLLSACVALLLQPPLGTRGAPLEPVYPGDDATPEQMAQYAAELRRYINMLTRPRYGKRDRGEMRDILEWGSPHAAAPRELMDE,0,negative,0.00020746239,0.00040986505,0.00196679,0.00237665505
MGKPGRVNQTTVSDFLLLGLSEWPEEQPLLFGIFLGMYLVTMVGNLLIILAISSDPHLHTPMYFFLANLSLTDACFTSASIPKMLANIHTQSQIISYSGCLAQLYFLLMFGGLDNCLLAVMAYDRYVAICQPLHYSTSMSPQLCALMLGVCWVLTNCPALMHTLLLTRVAFCAQKAIPHFYCDPSALLKLACSDTHVNELMIITMGLLFLTVPLLLIVFSYVRIFWAVFVISSPGGRWKAFSTCGSHLTVVLLFYGSLMGVYLLPPSTYSTERESRAAVLYMVIIPTLNPFIYSLRNRDMKEALGKLFVSGKTFFL,0,negative,0.0002242567,0.0004328828,0.0021085637,0.0025414465000000003
MVKELLTFEEVSFAYSSSSPVIERLSFTVFENEIVAILAKSGSGKSTLFRLITRLESPDQGTIVCHAQGKIGYMPQQDLLLPWLTILENVSLPLEIQGKDKKEAKIIAASFFNRFGLVGTESLYPDALSGGMRQRAAFLRATLTSETLLLLDEPFASLDSLTKTSMHHWLVSMWEKEKRTLLLVTHDIEEALLLSDRLFIFTNQPLHGFTEVQVPPDLRRKMETTEKMEQQRSSLKKDIRALLIEESLR,0,negative,0.00023415656,0.0004453506,0.0021915857,0.0026369363
MNFQQQGYRATKPRARASPPTGGPMLFDDTSSGPPPMNNQNYYSSGYNMAEMPAGGQEPGVGNIFADPMANAAMMYGSTLANQGKDIVNKEINRFMSVNKLKYFFAVDTKYVMKKLLLLMFPYTHQDWEVRYHRDTPLTPRHDVNAPDLYIPTMAFITYILLAGMALGIQKRFSPEVLGLCASTALVWMIIEVLVMLLSLYLLTVHTDLSTFDLVAYSGYKYVGMILTVFCGLLFGSDGYYVALAWSSCALMFFIVRSLKMKILSSISADSMGAGASAKPRFRLYITVASAAFQPFIIYWLTAHLVR,0,negative,0.0002642092,0.00051554065,0.0024408814,0.00295642205
MSAQCCAGQLACCCGSAGCSLCCDCCPRIRQSLSTRFMYALYFILVVVLCCIMMSTTVAHKMKEHIPFFEDMCKGIKAGDTCEKLVGYSAVYRVCFGMACFFFIFCLLTLKINNSKSCRAHIHNGFWFFKLLLLGAMCSGAFFIPDQDTFLNAWRYVGAVGGFLFIGIQLLLLVEFAHKWNKNWTAGTASNKLWYASLALVTLIMYSIATGGLVLMAVFYTQKDSCMENKILLGVNGGLCLLISLVAISPWVQNRQPHSGLLQSGVISCYVTYLTFSALSSKPAEVVLDEHGKNVTICVPDFGQDLYRDENLVTILGTSLLIGCILYSCLTSTTRSSSDALQGRYAAPELEIARCCFCFSPGGEDTEEQQPGKEGPRVIYDEKKGTVYIYSYFHFVFFLASLYVMMTVTNWFNHVRSAFHLLP,0,negative,0.00031511893,0.00060459675,0.0028557356,0.0034603323500000003
MLVSLGALRVLLGIFFTLTGAAKLFQVSAPVSQQMKALFEQFAEVFPLKVLGYQPDPISYQAAVGWLELLAGLLLVVGPPVLQQISNVLLILLMMGAVFTLVVLEESLSTYIPAVVCLGLLLLLDSCQFLVRTKGAVRCRNKIPGALGNPRK,0,negative,0.00031897498,0.0006184716,0.0028868187,0.0035052903
MALSTEQKKSILAEYGLHETDTGSPEAQVALLSARINQLTEHLKFHKHDHHSRRGLLLLVGRRKGLLKYLADNNVDRYRDLIARLGLRR,0,negative,0.00033069466,0.0006255227,0.002980913,0.0036064357
MFNEVHSSHGHTLLLITKPSLQATALLQHLKQSLAITGKLHNIQRSLEDISAGCIVLMDMMEADKKLIHYWQDNLSRKNNNIKTLLLNTPDDYPYREIENWPHINGVFYATEDQEHVVSGLQGILRGECYFSQKLASYLITHSGNYRYNSTESALLTHREKEILNKLRIGASNNEIARSLFISENTVKTHLYNLFKKIAVKNRTQAVSWANDNLRR,0,negative,0.00047291943,0.0009085092,0.0040937294,0.0050022386
MSDIVYMGNKALYLILIFSLWPVGIATVIGLSIGLLQTVTQLQEQTLPFGIKLIGVSISLLLLSGWYGEVLLSFCHEIMFLIKSGV,0,negative,0.0005247664,0.0009465691,0.0044879992,0.0054345683
MSWSPILPFLSLLLLLFPLEVPRAATASLSQASSEGTTTCKAHDVCLLGPRPLPPSPPVRVSLYYESLCGACRYFLVRDLFPTWLMVMEIMNITLVPYGNAQERNVSGTWEFTCQHGELECRLNMVEACLLDKLEKEAAFLTIVCMEEMDDMEKKLGPCLQVYAPEVSPESIMECATGKRGTQLMHENAQLTDALHPPHEYVPWVLVNEKPLKDPSELLSIVCQLYQGTEKPDICSSIADSPRKVCYK,0,negative,0.00068297144,0.0011141557,0.005660925,0.0067750807
MVSAVTTMGCMKAAGVSLLLLYFLLNAADSHPNFDSSSMACGECSLGLNRLFSRDRPLYQCMGCCFSRAYPTPQTAIQTMAIPKNITSEAKCCVAKHSYETKVDDITVRNHTECHCSTCYYHKLI,0,negative,0.00070953876,0.0012391767,0.005854063,0.0070932397
MAESMLSLPTPLNISIWWNMGSILGMILGLQLLTGILLSMHYSSQLEMAFSSIIHIIRDVPGGWFLRLLHANGASLFFLFMYAHIGRGLYYQSYIIHPRVWMVGVTIFLVSMATAFLGYVLPWGQMSFWGATVITNLLSAVPYFGPSMVEWVWGGFSVGHATLNRFFSLHFLLPFLISGLALLHIIFLHDKGSSNPLGNLFHLSKKPFHPYFTIKDSVGFLMVFGVLLMITFFSPSLLLDPENYISANPMVTPTHIQPEWYFLFAYAILRSIPSKLGGVVALLMSILILYFLPLSSYGKSIPVSMNIIYQVLFWILVVTFIILTWLGACEIEEPYLSLAGPLTLLYFLMFLLLGMSNNLNFNLIQLK,0,negative,0.0009982726,0.0019123916,0.00789524,0.0098076316
MHPNLVSWLGTLGLLLWALLCLSALTEGYPVKPENPGDDAPAEELAKYYSALRHYINLITRQRYGKRSSPEILDTLVSELLLKESTDTLPQSRYDPSLW,0,negative,0.001205366,0.0022307506,0.0093058795,0.011536630099999999
MLGSAGTLLLLLLAWGARALSQPDDNRITTGRNQDLNAIQQDLLLKLLSGWTDSRESNLVEVERNVPDPPEPKIPPSVKFPRLSLRERKAPCKNFFWKTFTMC,0,negative,0.0018658815,0.002787996,0.013589351,0.016377347
MPAIQPPLYLTFLLLILLYLIITLYVWTILTITYKTTVRYAALYQRSFSRWGFDQSL,0,negative,0.0025000244,0.004339247,0.017475642,0.021814889
MRVHDQRLRFDVTPKPMGLNGSSLITARSVALLLFLSLLLLILPPFLPPLPPPPATLLLLPLLLMILLIFLAFSPSNEPSLAVEPLDP,0,negative,0.002410654,0.0044322587,0.01693881,0.0213710687
GSVDLQPSLNTSYLNTWALLLTLMATAFTATYSIRMTILVQAGQTRIPPMVSMNENNPLITAPLTRLALGSITAGMIITSFITPTKTPPMTMPLITKTAAILMTILGIILALELSNMTHTLTYPKPNPLMNFSSALGYFNPLVHRFFSKNLLEKGQNIALHLIDLSWLKKMGPEGLAELQVAASKAATSMHTGLIKAYLGSFALSILVMILMTH,0,negative,0.0024080544,0.004606662,0.016923182,0.021529844
MEKGEVASLRCRLLLLLLLLTLPPTHQGRTLRHIDPIQSAQDSPAKYLSNGPGQEPVTVLTIDLTKISKPSSSFEFRTWDPEGVIFYGDTNTEDDWFMLGLRDGQLEIQLHNLWARLTVGFGPRLNDGRWHPVELKMNGDSLLLWVDGKEMLCLRQVSASLADHPQLSMRIALGGLLLPTSKLRFPLVPALDGCIRRDIWLGHQAQLSTSARTSLGNCDVDLQPGLFFPPGTHAEFSLQDIPQPHTDPWTFSLELGFKLVDGAGRLLTLGTGTNSSWLTLHLQDQTVVLSSEAEPKLALPLAVGLPLQLKLDVFKVALSQGPKMEVLSTSLLRLASLWRLWSHPQGHLSLGALPGEDSSASFCLSDLWVQGQRLDIDKALSRSQDIWTHSCPQSPSNDTHTSH,0,negative,0.0027135487,0.004671401,0.018745575,0.023416976
MSAVPLTRMLPLRFLTHLLLLSFIPLYFCMEFSEDARNIEKIRRGNQWAIGHFMGKKSLQDTYNPSEQDMDSEDFRPRIIEMIRGTFRQEPIRALSPRKQDEIQWMLKKIMDDYIKTTQK,0,negative,0.0033065812,0.005215681,0.022187749,0.02740343
MPHQQILMLFGLLPVATNISTWWNFGSMLLACSTLQVLTGFFLAVHYTANINMAFSSIIHITRDVPYGWLMQNLHAIGASMFFICIYIHIARGLYYGSYLNKETWLSGTTLLIMLMATAFFGYVLPWGQMSFWAATVITNLLTAIPYLGSTMTTWLWGGFAINDPTLTRFFALHFILPFGIISLSSLHILLLHEEGSSNPLGTNSDIDKIPFHPYQTYKDLLMLAMLTTLLLMIVSFFPDIFNDPDNFSKANPLVTPQHIKPEWYFLFAYGILRSIPNKLGGALALTMSIMILLTVPFTHTSKLRSMMFRPLMQLMFWTFAATFLVISWSSTKPVEPPFTTISQAAALMYFLFFISKPLMGLMENKIMKT,0,negative,0.0030772828,0.005476682,0.020870626,0.026347308
MSNQHTLLTSNLLPVGSNISTWWNFGSMLLTCLIMQILTGFFLAIHYTANINLAFSSVIHITRDVPYGWIMQNLHAIGASMFFICIYIHIARGLYYGLYLNKEVWLSGTTLLITLMATAFFGYVLPWGQMSFWAATVITNLLTAIPHLGTVLTTWLWGGFSINDPTLTRFFALHFILPFAIISLSSIHIILLHNEGSNNPLGTNSDIDKIPFHPYHSYKDMLMITIMVTLLFIILSFLPNLLNDPENFSKANPLITPQHIKPEWYFLFAYGILRSIPNKLGGTMALTMSIMILMTTPFTHTSHTRSMIFRPLSQTMFWTLIVTFIMITWTATKPVEPPFITISQTTTVFYFSFFIMTPLLGWTENKIMMMKN,0,negative,0.003252673,0.005766697,0.021879537,0.027646234000000002
MPRQSPPNLAKLIALDLLTVGRVPLLLLVLIFSCAMGVVFMTHHTRQAISAKDQAFMERERLDNEWRNLILEETALAEHSRVQQLARKDLEMKRPDSDKEVVINLK,0,negative,0.0049789497,0.0057787388,0.031367593,0.0371463318
MIKTTLLFFATALCEIIGCFLPWLWLKRNASIWLLLPAGISLALFVWLLTLHPAASGRVYAAYGGVYVCTALMWLRVVDGVKLSLYDWTGALIALCGMLIIVAGWGRA,0,negative,0.0035195574,0.0058206758,0.023396783,0.029217458800000002
MPHQKILMLFGLLPVATNISTWWNFGSMLLTCSMIQVLTGFFLAVHYTANINLAFSSIVHIMRDVPCGWMVQNLHAIGASMFFICIYIHIARGLYYGSYLNKETWLSGTTLLIMLMATAFFGYVLPWGQMSFWAATVITNLLTAIPYLGGTMTTWLWGGFAINDPTLTRFFALHFILPFGIISLSSLHVLLLHEEGSSNPLGTNSDIDKIPFHPYHTMKDLLMLTTTLTLLLMTISFFPDIFNDPENFSKANPLVTPQHIKPEWYFLFAYGILRSIPNKLGGALALAMSIMILFTVPFIHTSKLRSMTFRPLMQLMFWTFTSTFVLITWAATKPVEPPFISISQVASIIYFTFFISNPILGWAENKIMKNT,0,negative,0.0034436982,0.0060622045,0.022967646,0.029029850500000003
MSRLFVKRLPTGSFLMLLLYIGLLLSAIAVAYSTYWNRQLLNSLYSELSVRDKAQAEWGRLILEQSTWTAHSRIESLAVEQLRMRVPDPAEVRMVAP,0,negative,0.004667706,0.006174741,0.029708764,0.035883504999999996
MLNQHTLLISNLLPVGSNISTWWNFGSLLLTCLMLQILTGFFLAIHYTANINLAFSSVIHITRDVPYGWIMQNTHAIGASLFFICIYTHIARGLYYGSYLNKSVWLSGTTLLIILMATAFFGYVLPWGQMSFWAATVITNLLTAIPYLGTTVTTWLWGGFSINDPTLTRFFALHFILPFIIISMSSIHIILLHNEGSNNPLGTNSDIDKIPFHPYHLYKDMTMVSIMIMLLLMVMTFAPNLFNDPENFSKANPLVTPQHIKPEWYFLFAYGILRSIPNKLGGTLALFLSIIILTTTPFTHTSYIQSMAFRPLTQILFWTLIATFTTITWTATKPVETPFIYISQMTSIMYFSFFIMNPLLGWAENKIMMNM,0,negative,0.0038164787,0.0066276463,0.025060907,0.0316885533
MSNQHTLLISNLLPVGSNISTWWNFGSMLLTCLILQITTGFFLAIHYTANINLAFSSVTHIMRDVPYGWIMQNLHAIGASMFFICIYIHIARGLYYGLYMNKNVWLSGTTLLITLMATAFFGYVLPWGQMSFWAATVITNLLTAIPYLGTTITTWLWGGFSINDPTLTRFFALHFILPFAIISLSSIHIILLHNKGSNNPLGTNSDIDKIPFHPYHSYKDTLMTISLFILMFTILSFSPDLFNDPENFSKANPLVTPQHIKPEWYFLFAYGILRSIPNKLGGTLALLMSVTILMTAPFTHTSHMRPMTFRPLAQMAFWTLIATFITITWTASKPVEPPFIIISQMTSILYFLFFIMNPLLGWTENKIMMNN,0,negative,0.0038379827,0.0066588814,0.02518058,0.031839461400000005
MPHHYILTMFGLLPVATNISTWWNFGSMLLSCLMLQVTTGFFLAVHYTANTNLAFSSIIHIMRDVPYGWMMQNTHAIGASLFFICIYIHIARGLYYGSYLNKKTWMSGTTLLITLMATAFFGYILPWGQMSFWAATVITNLLTAVPYLGTSLTIWLWGGFAINDPTLTRFFALHFILPFIIISLSSLHILLLHEEGSSNPLGTNSDTDKIPFHPYHTYKDLLLLTLLLTLLLLTTFFLPNIMNDPENFSKANPLVTPQHIKPEWYFLFAYGILRSIPNKLGGALALVASILIIMTMPFTHTAHVRSMTFRPMSQLMFWTLISTFMTITWAATKPVEPPFMMISQTASMIYFMFFISNPILGWMENKIMKTM,0,negative,0.00390667,0.0068557006,0.025561774,0.032417474599999996
MSNQHALLISNLLPVGSNISTWWNFGSMLLTCLMLQVLTGFFLAIHYTANINLAFSSVVHITRDVPCGWIMQNTHAIGASLFFICIYIHIARGLYYGLYLNKNVWLSGVTLLMTLMATAFFGYVLPWGQMSFWAATVITNLLTAIPYLGVAVTTWLWGGFSINDPTLTRFFALHFILPFIIISLSSIHIILLHNEGSNNPLGTNSDIDKIPFHPYHSYKDLMTTTSMIILLFIILSFSPDLLNDPENFSKANPLVTPQHIKPEWYFLFAYGILRSIPNKLGGTLALLMSILILTLPPFTHTFYIRPMTFRPLSQTLFWTLIATFVMITWTATKPVEPPFITISQLTSIFYFSFFIMNPLLSWTENKIMMQT,0,negative,0.004080674,0.0070175575,0.026522165,0.0335397225
MERSFDALFSQASLFFLAAVRVFALMFTVPLLSVRSVSRVVRVALAGLIAFLVLPLAYPAPMQVREFSAYYVLLLLGEGLLGILTGFFISVIFTTFSAAGQFFSYQMGFGTSEMYDTFAQIENPLMGQFLNFVAMLVFLQIKGFQILFLGGVLRSFQAVNCFVFLRKQEALLLFFTKALSALFLHAMTIALPIMGALLLIHVSMGLLTKAAPQMNLLSEGLPLTIVVTFVLLSVILPYMINLFVSILFGGFEMFEQLLVKLGKAL,0,negative,0.0042309775,0.0073664826,0.02734566,0.0347121426
MSNQHTLLISNLLPVGSNISTWWNFGSMLLSCLFLQTTTGFFLAIHYTANINLAFSSVIHITRDVPYGWIMQNTHAISASAFFICIYIHIARGLYYGSYLNKGVWLTGVALLTTLMATAFFGYVLPWGQMSFWAATVITNLLTAIPYLGTSLTTWLWGGFSINDPTLTRFFALHFILPFLIISLSSIHIIMLHNEGSSNPLGTNSDIDKIPFHPYHSYKDLLMFITLMTMLLLTLSFMPNLFNDPENFSKANPLITPQHIKPEWYFLFAYGILRSIPNKLGGALALTMSIIILTTAPFTHTSYTRSMTFRPLAQTLFWTLIATFITITWAATKPIEPPFLLISQTTAILYFSFFIMNPVLGLVENMMMKYN,0,negative,0.0045001917,0.0076052765,0.028807454,0.0364127305
MSNQHILLMSNLLPVGSNISTWWNFGSMLLTCLILQIMTGFFLAIHYTANINLAFSSVIHITRDVPYGWIMQNLHAIGASLFFICIYIHIARGLYYGLYLNKEVWLSGTTLLIILMATAFFGYVLPWGQMSFWAATVITNLLTAIPYLGTTLTTWLWGGFSINDPTLTRFFALHFILPFTIISLSSIHIILLHNEGSNNPLGTNSDIDKIPFHPYHTYKDMLMIIIMTAILFLILSFSPNLLNDPENFSKANPLVTPQHIKPEWYFLFAYGILRSIPNKLGGTLALVMSVMILTTAPFTHTSHTRSMMFRPLSQIVFWTLIATFITITWTATKPVEPPFISISQTASIFYFSFFIMNPLLGWTENKIMMMND,0,negative,0.0046172296,0.0078646485,0.029437866,0.0373025145
MSNQHALLMFNLLPVGSNISTWWNFGSMLLTCLMLQTITGFFLALHYTANINLAFSSVIHITRDVPYGWIMQNLHAISASLFFVCIYIHIARGLYYGLYLNKEVWLSGTALLITLMATAFFGYVLPWGQMSFWAATVITNLLTAIPYLGTTLTTWLWGGFSINDPTITRFFALHFILPFIIISLSSIHIILLHNEGSNNPLGTNSDIDKIPFHPYHSYKDMLMATTMITLLFLILSFAPNLLNDPENFSKANPLVTPQHIKPEWYFLFAYGILRSIPNKLGGTLALIMSVMILTTMPFTHTSHTRSMMFRPLSQILFWTLIATFITITWTASKPVEPPFITISQTTSIIYFFFFITTPLLGWAENKMMMMNN,0,negative,0.0047559496,0.008106082,0.030181162,0.038287244
MSNQHILLTSNLLPVGSNISTWWNFGSMLLTCLILQITTGFFLAIHYTANINLAFSSVIHITRDVPHGWIMQNLHAIGASMFFICIYIHIARGLYYGLYLNKEVWLSGTALLILLMATAFFGYVLPWGQMSFWAATVITNLLTAIPYLGSALTTWLWGGFSINDPTLTRFFALHFILPFTIISMSSIHIILLHNEGSNNPLGTNPDIDKIPFHPYHSYKDMLMITIMITFMLLILSFSPDLMNDPENYSKANPLITPQHIKPEWYFLFAYGILRSIPNKLGGTLALFMSIAILMTAPFTHTSYTRSMSFRPLTQTMFWILIATFITITWTATKPVEPPFISISQVTSIIYFSFFIINPLLGWVENKLSTLNN,0,negative,0.0049057314,0.008193118,0.030979194,0.039172312
MPHQQILMLFGLLPVATNISTWWNFGSMLLACSTLQVMTGFFLAVHYTANINMAFSSIVHIIRDVPYGWLMQNLHAIGASMFFICIYIHIARGLYYGSYLNKETWLSGTTLLIMLMATAFFGYVLPWGQMSFWAATVITNLLTAIPYLGSTMTTWLWGGFAINDPTLTRFFALHFILPFGIISLSSLHIMLLHEDGSSNPLGTNSDIDKIPFHPYQTYKDLLMLTMMTTLLLMIVSFFPDIFNDPDNFSKANPLVTPQHIKPEWYFLFAYGILRSIPNKLGGALALTMSIMILLTVPFTHTSKLRSMMFRPFMQLMFWTFAATFLVITWTATKPVEPPFTTISQVAALMYFMFFISNPIMGWMENKIMKT,0,negative,0.0048080366,0.0083057415,0.030459154,0.0387648955
MPHHYILTLFGLLPVATNISTWWNFGSMLLTCLALQVLTGFFLAVHYTANINLAFSSIIHITRDVPFGWMMQNLHAIGASMFFICIYIHIARGLYYGSYLNKETWMSGITLLITLMATAFFGYVLPWGQMSFWAATVITNLLTAVPYLGTSLTTWLWGGFAINDPTLTRFFALHFILPFAIISLSSLHIILLHEEGSSNPLGTNPDIDKIPFHPYHSHKDLLLLTLMMLSLLIIVSFFPDIFNDPDNFSKANPLVTPQHIKPEWYFLFAYGILRSIPNKLGGALALVMSIMILFTIPFTHTAHLRPMTFRPFSQLMFWTLVSTFITITWAATKPVEPPFIVISQVTSTLYFTFFLLIPILGWTENKMMNTL,0,negative,0.00523125,0.008796232,0.032697793,0.041494025000000004
MPHQQMLILFGLLPVATNISTWWNFGSMLLACSSMQVLTGFFLAVHYTANINLAFSSIVHITRDVPYGWMMQNLHAIGASMFFICIYIHIARGLYYGSYLNKKTWLSGTTLLIMLMATAFFGYVLPWGQMSFWAATVITNLLTAIPYLGTTMTTWLWGGFAINDPTLTRFFALHFILPFGIISLSSLHIMLLHEDGSSNPLGTNSDIDKIPFHPYHTYKDLLMLSLMVLMLLMTVSFLPDIFNDPENFSKANPLVTPQHIKPEWYFLFAYGILRSIPNKLWGALALAMSITILLTVPFTHTSTIRSMMFRPIMQLMFWTLVATFMVITWAATKPVEPPFTMISQIASTIYFLFLIMNPIAGWIENNILKYN,0,negative,0.0053379126,0.0090273665,0.033256486,0.0422838525
MERLQGLLLWLLLSPSVVWASRGPLRPLCRPVNATLAAENEACPVCITFSTSICAGYCPSMVRVLPAALPPVPQPVCTYHELHFASVRLPGCPPGVDPMVSFPVALSCRCGPCRLSTSDCGGPRTQPM,0,negative,0.0058770804,0.009164132,0.03604853,0.045212662
MPHHYILTLFGLLPVATNISTWWNFGSMLLTCLALQVLTGFFLAVHYTANINLAFSSIVHITRDVPYGWMMQNLHAIGASMFFICIYIHIARGLYYGSYLNKETWMSGITLLITLMATAFFGYVLPWGQMSFWAATVITNLLTAVPYLGTSLTTWLWGGFAINDPTLTRFFALHFILPFAIISLSSLHIILLHEEGSSNPLGTNPDIDKIPFHPYHTHKDLLLLTLMILLLLIIVSFSPDIFHDPDNFSKANPLVTPQHIKPELYFLFAYGILRSIPNKLGGALALVMSIMILFTIPFTHTAHLRPMTFRPLSQLMFWALISTFVTITWAATKPVEPPFIIISQVTSTLYFTFFLSIPILGWVENKMMNIS,0,negative,0.005562625,0.009332968,0.03442649,0.043759458
MPHHYILTLFGLLPVATNISTWWNFGSMLLTCLVLQVLTGFFLAVHYTANINLAFSSIVHITRDVPYGWMMQNLHAIGASMFFICIYIHIARGLYYGSYLNKETWMSGITLLITLMATALFGYVLPWGQMSFWAATVITNLLTAVPYLGTSLTTWLWGGFAINDPTLTRFFALHFILPFAIISLSSLHIILLHEEGSSNPLGTNPDIDKIPFHPYHSHKDLLLLTLMMMFLFIIVSFFPDIFNDPDNFSKANPLVTPQHIKPEWYFLFAYGILRSIPNKLGGALALVASIMILFTTPFTHTANLRPMTFRPLSQLMFWTLVSTFITITWAATKPVEPPFIAISQVTSMLYFTFFLSIPILGWMENKMMNTP,0,negative,0.005621029,0.009387823,0.034729082,0.044116905
MFLNSILVVITDLAAGLLGNTSFRRHFHLLLSALLLFGPLLSLWVSHYSVFAKRTHFLYRVFLRSGWGWTCIFVGSFVFVLSFSVRRSLTLSLRHLSRLAVAGGLWLGFRKLLCLLENATGSCYEPLSAALEMTSGTNGEGQPLLLLREAETKETCVRSGMLWRGYEVSEDALLLCLCCLLLAEETAVFGPYLNLGGPSEAPLRILFLFCVLLLSLWVFLLLCLLAYFPEFPTQLLGGALGCLSWRALYQGWYRLRPSWYCPGRPGVGLLSTQSKQDELLETQTNAKEID,0,negative,0.0056337435,0.009999729,0.03479491,0.044794639
MTNTRKNHPLMKIINNSFIDLPTPPNISSLWNFGSLLGACLTIQVITGLFLAMHYTADTTTAFSSVTHICRDVNYGWTIRYLHANGASMFFMCLFIHVGRGLYYGSFALLETWNIGIMLLFSVMATAFMGYVLPWGQMSFWGATVITNLLSAIPYVGTNLVEWIWGGFSVGKPTLTRFFALHFILPFIISALAMIHLLFLHETGSNNPLGMSSNSDKIPFHPYYTTKDFLGLLLLILLLMTLTLFYPDLLGDPDNYTPANPLNTPPHIKPEWYFLFAYAILRSIPNKLGGVVALILSILILAIIPFLQPSKQQTMMFRPLSQFLFWILVADLLTLTWIGGQPVENPFISIGQTASILYFSLMVFIMPMTCLIENKMLKW,0,negative,0.0065379003,0.010489773,0.039402977,0.04989275
MPNHHTLLSSSLFPVGSNISTWWNFGSMLLTCTALQISTGFFLAVHYTANINLAFSSIIHITRDVPYGWIMQNLHAIGASLFFLCIYIHIARGLYYGLYMNKGVWLSGTTLLIILMATAFFGYVLPWGQMSFWAATVITNLLTAVPYLGNSLTTWLWGGFSINDPTLTRFFALHFILPFLITSLSSIHIILLHNEGSNNPLGTNSDIDKVPIHPYHSYKDMFMISSMITLLFIVLSFMPDLLNDPENFSKANPMTTPQHIKPEWYFLFAYSILRSIPNKLGGTLALLMSVIILTTTPFTHTSYIRPMTFRPLTQALFWTLIATFITITWTATKQVEPPFTLISQVASVTYFSFFIINPIFGWAENKTMMNN,0,negative,0.0065917666,0.010759343,0.03967343,0.050432773
MPHHYVLTLFGLLPVATNISTWWNFGSMLLTCLALQVLTGFFLAVHYTANINLAFSSIVHITRDVPYGWMMQNLHAIGASMFFICIYIHIARGLYYGSYLNKETWMSGITLLITLMATAFFGYVLPWGQMSFWAATVITNLLTAVPYLGTSLTTWLWGGFAINDPTLTRFFALHFILPFAIISLSSLHVILLHEEGSSNPLGTNPDIDKIPFHPYHSHKDLLLLTLMMMFLFIIVSFFPDIFNDPDNFSKANPLVTPQHIKPEWYFLFAYGILRSIPNKLGGALALVMSIMILFCTPFTHTAHLRPMTFRPLSQLMFWTLVSTFITITWAATKPVEPPFITISQVTSILYFTFFLSIPILGWVENKIMNAP,0,negative,0.0068004373,0.011086367,0.040716637,0.051803004
MPHQQILMLFGLLPVATNISTWWNFGSMLIACSTLQVLTGFFLAVHYTANINLAFSSIIHITRDVPYGWLMQNLHAIGASMFFICIYIHIARGLYYGSYLNKETWLSGTTLLIMLMATAFFGYVLPWGQMSFWAATVITNLLTAIPYLGTTMTTWLWGGFAINDPTLTRFFALHFILPFGIISMSSLHVMLLHEEGSSNPLGTNSDIDKIPFHPYHTYKDLLMLAAMTTLLLLIVSFSPDIFNDPDNFSKANPLVTPQRIKPEWYFLFAYGILRSIPNKLGGALALTMSIVILLTVPFTHTSKMRSMMFRPFMQMTFWLFAATFMVITWTATKPVEPPFTLIGQAASMIYFLFFISNPIMGWLENKIMKM,0,negative,0.006891057,0.011272122,0.041167714,0.052439836000000004
MTKFLPIRKTHPILKIINGSLIDLPSPSNISMWWNFGSLLALCLMIQILTGLFLTMYYTANIELAFFSVNYICRNVNYGWLIRTIHANGASFFFICIYLHIGRGIYYESFNLKYTWFIGVIILFMLMATAFMGYVLPWGQMSFWGATVITNLLSAIPYLGTMLVNWIWGGFAVDNATLTRFYTFHFLLPFIILMLTMIHLLFLHQTGSNNPLGLNSNMDKIPFHPYFTYKDLIGFLILMMLLLMLTLSNPYLLGDPDNFIPANPLVTPIHIQPEWYFLFAYAILRSIPNKLGGVIALVMSILILIILPLTFLKKIQGLQFYPINQFMFWIFVMMVILLTWIGARPVEAPYIITGQLLTILYFLYFILNPLISIYWDKLLFNK,0,negative,0.007278098,0.011499113,0.04308077,0.054579882999999996
MFQFNFNDFILFIYNLFFPAVRILALFSTAPLFNSKFIEKKIKLIMAFVISWIFSSFLPKVNIAIFSVDGILIIIEQMLIGILLGLTMQLIFSSIFMSGEIISLQMGLSFSSLFDFNSRSNLSALSHFVHIFLLLLFLEWNGHIWMLSALFDTFITIPIQKIYLDPNIFLKVVNFSKYIFFDSIMLLFPIIIVQLLLNLSIGILNRVAPQISILSLGFTVTLLVGIILLYFFIPIFPSSCIVIFRRLQSFVLTLFNS,0,negative,0.0077906656,0.011665927,0.045582596,0.057248523
MPHQQILMLFGLLPVATNISTWWNFGSMLLTCSALQIMTGFFLSMHYTANINLAFSSIVHVVRDVPHGWMMQNLHAIGASMFFICVYIHVARGLYYGSYLNKETWLSGTTLLIMLMATAFFGYVLPWGQMSFWAATVITNLLTAIPYLGTTMTTWLWGGFAINDPTLTRFFALHFILPFGIISLSSLHIMLLHAEGSSNPLGTNSDIDKIPFHPYHTYKDLFMISSMIMIMLLTISFIPDIFNDPENFSKANPLVTPQHIKPEWYFLFAYGILRSIPNKLGGALALAMSITILLTVPFTHTANTRSMTFRPFMQLMFWTLVTTFMIITWTATKPVEPPYTMISQVTSSLYFMFFMSNPIVGWLENKIMKTQL,0,negative,0.0073579913,0.012120749,0.043473028,0.055593777
MPHQQILILFGLLPVATNISTWWNFGSMLLACSSMQVLTGFFLAVHYTANINLAFSSIMHITRDVPYGWMMQNLHAIGASMFFICIYTHIARGLYYGSYLNKKTWLSGTTLLIMLMATAFFGYVLPWGQMSFWAATVITNLLTAIPYLGTTMTTWLWGGFAINDPTLTRFFALHFILPFGIISLSSLHIMLLHEDGSSNPLGTNSDIDKIPFHPYHTYKDMLMLSLMILALLMTVAFFPDIFNDPENFSKANPLVTPQHIKPEWYFLFAYGILRSIPNKLGGALALVMSIMILLTAPFTHTSAIRSMTFRPIMQLMFWTLVATFAVITWAATKPVEPPFTTISQVASTMYFMFFITNPIMGWFENKIMKYN,0,negative,0.008315522,0.013164884,0.048109166,0.061274050000000004
MVILEQTHLVKNKAVDNKKSMKYSIFQQALTIAVILLISKIIESFMPIPMPASVIGLVLLFIALCTGIVKLGQVETVGTALTNNIGFLFVPAGISVINSLPILKQSPILIILLIIISTLLLLICTGFSSQLLVTKSLFPSKEKNEETSHIGG,0,negative,0.009505416,0.013505356,0.053716324,0.06722168
MLEILMSLTAAICWAFNGIAYRKGVKDVSAFTANFHRTLFATVYFLPLALRDFPGVVIDLQTALVLVISAMLSFYIGDLSYFASLKRSPVSIALPASSTYPVYVVLLSTVIYGAELSLNALISAILVFVAVYIIYGSGEKGETSGLFYALLAAFSWALAILTLDFLTDRLPVSIVAFVRLLLCLILLSFTAKKDELSTEIRLFFRSVRGIFLLLGIMLFITAIKVSSSWNVVQPSSTSPVFAAIFGAIFLKERISFRLVAGIFVIILAILLLLLPPLQ,0,negative,0.008976855,0.013517601,0.051245265,0.064762866
MIPIQLSVFFMIIYVLESLTIIVQSSLIVAVLGREWLQIRRLMPVDMILISLGISRFCLQWTSMLNDFCFYFNFNYVLCNLTITWTFFNVLTFWLNSLLTVFYCIKVSSFTHPIVLWLRWRILRWLPWLLLGCLMITCVTIIPSAIGNYIQIQFLTMEHPPRNSTVIDRLQKFHQYLHQAHTVALVIPFILFLASTILLMASLTKQIQHHGTGHCNPSMKAHFTALRSLAILFIVFTSYFLTILITMIGTLFDKRCWLWVWEAFVYAFIFMHSTSLMLSSPTLKRILNGKC,0,negative,0.009873201,0.01413865,0.055418,0.06955665
MINLRKTHPLMKIINHSFIDLPTPSNISAWWNFGSLLGMCLMIQILTGLFLAMHYTSDTMTAFSSVAHICRDVNYGWLLRNLHANGASMFFMCLFLHVGRGIYYGSYLYKETWNIGVILLLAVMATAFVGYLLPWGQMSFWGATVITNLLSAIPYIGQTLVEWVWGGFAVDKATLTRFFAFHFILPFIITALATVHLLFLHETGSNNPLGINPDSDKIPFHPYYTIKDALGLMLLLLMLLLLALFSPDLLGDPDNFSPANPLNTPPHIKPEWYFLFAYAILRSIPNKLGGVLALLASILILLIIPLLHTANQRSMMFRPMSQTLFWILTANLITLTWIGGQPVEQPFIIIGQLASMLYFLLILVLMPLAGMFENYMLKPKW,0,negative,0.009468781,0.014422819,0.053546075,0.067968894
MSNQHTLLSSNLLPVGSNISTWWNFGSMLLACLALQTSTGFFLAIHYTANINLAFSSVTHILRDVPYGWAMQNLHAIGASMFFICIYTHIARGLYYGLYLNKEVWLSGTVLLMLLMATAFFGYVLPWGQMSFWAATVITNLLTAIPYLGTTLTTWFWGGFSINDPTLTRFFALHFLLPFIIISLSTIHIILLHNEGSNNPLGTNPDIDKIPFHPYHSYKDILMITLMITLLFTIMSFSPNLFNDPENFTKANPLITPQHIKPEWYFLFAYGILRSIPNKLGGTLALLMSIIILTTAPFTHTSYTRPMTFRPLTQVLFWTFITTFITITWTATKPVEPPFVLISQVASTVYFFFFIINPILGWTENKIMMSTN,0,negative,0.009535915,0.014481631,0.053858005,0.068339636
MFRIEYSLVQLLLRNVTIPLLLIIQMHIMSSVKLIQIRIWIQYVTVLQMFSMKTKQ,0,negative,0.0093619125,0.014728899,0.053048376,0.067777275
MPHQQILILFGLLPVATNISTWWNFGSMLLACSSMQVLTGFFLAVHYTANINLAFSSIVHITRDVPYGWLMQNLHAIGASMFFICIYTHIARGLYYGSYLNKKTWLSGTTLLIMLMATAFFGYVLPWGQMSFWAATVITNLLTAIPYLGTTMTTWLWGGFAINDPTLTRFFALHFILPFGIISLSSLHIMLLHEDGSSNPLGTNSDIDKIPFHPYHTYKDMLMLSLMVLALLTTVAFFPDIFNDPENFSKANPLVTPQHIKPEWYFLFAYGILRSIPNKLGGALALVMSIMILLTTPFTHTSTIRSMTFRPIMQFMFWTLVATFTVITWAATKPVEPPFTAISQAASTMYFMFFITNPIVGWFENKIMKYN,0,negative,0.0096812295,0.014778019,0.054531604,0.069309623
MTGPLRKNHPLFSIINNSLIDLPSPSNLSIWWNFGSLLGLCLIIQILTGLFLAMHYTSDVSLAFSSVSHICRDVNYGWLLRNIHANTASFFFLCLYFHIGRGIYYGSYVNNETWNIGVILLLLTMLTAFVGYVLPWGQMSFWGATVITNLISAVPYIGSSIVQWVWGGFSVDNATLTRFFAFHFLFPFIIAALSIIHLFFLHQTGSNNPTGIESKFDKTPFHTYFSTKDITGFIILFMLLSSIVLLSPNLLNDPENFNPANPLVTPIHIQPEWYFLFAYAILRSIPNKLGGVVALLASILVLFLVPFLHTSNNQANTFRPASQSLFWLLTSVFIILTWLGSQPVEDPFILLGQISSIAYFALFFLAFPLASELENKLIF,0,negative,0.01047888,0.015012204,0.058190607,0.07320281099999999
MTNIRKSHPLMKIINSSFIDLPAPSNISSWWNFGSLLGICLALQILTGLFLAMHYTSDTATAFNSVTHICRDVNYGWILRYLHANGASMFFICLYLHVGRGLYYGSYMYTETWNIGVILLFAVMATAFMGYVLPWGQMSFWGATVITNLLSAIPYIGTDLVEWIWGGFSVDKATLTRFFAFHFLLPFIISAMVMVHLLFLHETGSNNPTGIPSNMDMIPFHPYYTIKDILGMLLMITALLTLVLFSPDMLGDPDNYTPANPLNTPPHIKPEWYFLFAYAILRSIPNKLGGVLALVLSILILIIIPLLHTSKQRSMTFRPLSQCLFWLLAADLLTLTWIGGQPVEHPYVIIGQLASILYFSIIIILMPLTSLVENYLLKW,0,negative,0.010771786,0.015925081,0.059518594,0.075443675
MTNTRKSHPLIKIVNHSFIDLPAPSNISAWWNFGSLLGVCLGLQILTGLFLAMHYTADTTTAFSSVTHICRDVNYGWLIRYMHANGASMFFIFLYFHIGRGIYYGSYTFMDTWNIGVLLLFAVMATAFMGYVLPWGQMSFWGATVITNLLSAIPYIGPTLVEWIWGGFSVDKATLTRFFAFHFILPFIITAMVMIHLLFLHETGSNNPSGMNSDSDKIPFHPYYTIKDILGILFMMTTLMSLVMFTPDLLGDPDNYTPANPLNTPPHIKPEWYFLFAYAILRSIPNKLGGVLALVFSILILMLFPILHSSKQRSMSFRPLSQCLMWMLVANLLILTWIGGQPVEHPFITIGQLASMTYFFIILILMPSTALMENKLLQW,0,negative,0.011150089,0.01626976,0.06122189,0.07749165
MTNTRKSHPLIKIMNHSFIDLPTPSNISAWWNFGSLLGVCLGLQILTGLFLAMHYTADTTTAFSSVTHICRDVNYGWLIRYMHANGASMFFIFLYFHIGRGIYYGSYTFMDTWNIGVLLLFAVMATAFMGYVLPWGQMSFWGATVITNLLSAIPYIGPTLVEWIWGGFSVDKATLTRFFAFHFILPFIITAMVMIHLLFLHETGSNNPSGMNSDSDKIPFHPYYTIKDILGVLFMMITLMSLVMFTPDLLGDPDNYTPANPLNTPPHIKPEWYFLFAYAILRSIPNKLGGVLALVFSILILMLFPILHSSKQRSMSFRPLSQCLMWVLVANLLILTWIGGQPVEHPFITIGQLASVTYFFTILILMPSTALMENKLLKW,0,negative,0.011940091,0.017080825,0.06473751,0.08181833499999999
YINYKNMSHQHLLTLFNLLPVGSNISTWWNFGSMLLACLMIQIITGFFLAIHYTANINLAFSSIIHLSRDVPYGWIMQNTHAISASLFFICIYIHIARGFYYGSYLNKEVWLSGTTLLIILMATAFFGYVLPWGQMSFWAATVITNLLTAIPYLGTTLTTWLWGGFAINDPTLTRFFALHFILPFIIISMSSIHILLLHNEGSNNPLGTNSDID,0,negative,0.012827333,0.017151413,0.068622835,0.085774248
LINYKNMLHQHPLKLFNLLPVGSNISTWWNFGSMLLACLMIQTVTGFFLAIHYTANINLAFSSIIHITRDVPYGWIMQNTHAIGASMFFMCIYTHIARGLYYGSYLNKEVWLSGTTLLIVLMRTAFFGYVLPWGQMSFWAATVITNLLTAIPYLGNTLTTWLWGGFSINDPTLTRFFALHFILPFIIISLSSIHIILLHNEGSSNPLGTNSDID,0,negative,0.014897307,0.01863999,0.07745245,0.09609244
MPHQQMLILFGLLPVATNISTWWNFGSMLLTCSALQVMTGFFLSMHYTANINLAFSSIIHITRDVPHGWMMQNLHAIGASMFFICIYMHIARGLYYGSYLNKETWLSGTTLLIMLMATAFFGYVLPWGQMSFWAATVITNLLTAVPYLGTTMTTWLWGGFAINDPTLTRFFALHFILPFGIISMSSVHIMLLHEDGSANPLGTNSDIDKIPFHPYHTYKDLLVISMMIITVLLTVSFFPDIMNDPENFSKANPLVTPQHIKPEWYFLFAYGILRSIPNKLGGALALVMSIMILLTMPFTHTSTLRSMTFRPLMQFMFWTLVATFTVITWTATKPVEPPFTTISQVASIIYFMFFMSNPILGWMENKITKHN,0,negative,0.0128619,0.019269506,0.06877287,0.088042376
MPHHYILTLFGLLPVATNISTWWNFGSMLLTCLMLQVLTGFFLAVHYTANINLAFSSIIHITRDVPYGWLMQNLHAIGASMFFICIYIHIARGLYYGSHLNKETWMSGITLLITLIATAFFGYVLPGGQMSFRAATGITNLLTAVPYLGATMTTWLWGGFAINDPTLTRFFALHFILPFAIISLSSLHIILLHEEGSSNPLGTNPDIDKIPFHPYHSYKDLLLLTLMLLTLMITVSFFPDIFNDPDNFSKANPLVTPQHIKPEWYFLFAYGILRSIPNKLGGALALVMSIMILLTAPLTHTAHLRPMTFRPLSQLMFWTLISTFITITWAATKPVEPPYIIISQTTATLYFTFFISTPILGWIENKMMNSC,0,negative,0.013602732,0.020057779,0.07196731,0.092025089
MTNIRKSHPLLKIVNNAFIDLPAPSNISSWWNFGSLLGICLIMQIMTGLFLAMHYTSDTATAFSSVAHICRDVNYGWIIRYLHANGASMFFICLYIHVGRGLYYGSYAFLETWNIGIILLFTVMATAFMGYVLPWGQMSFWGATVITNLLSAIPYVGTTLVEWIWGGFSVDKATLTRFFAFHFILPFVIAALAGVHLLFLHETGSNNPTGISSDMDKIPFHPYYTIKDILGVLLLILTLLLLVLFSPDLLGDPDNYTPANPLNTPPHIKPEWYFLFAYAILRSIPNKLGGVLALVLSILILALIPLLHTSKQRSMMFRPISQCLFWTLVADLLTLTWIGGQPVEPPFIMIGQVASILYFSLILILMPVAGIIENHILKW,0,negative,0.014382105,0.020123826,0.07528372,0.095407546
MTNIRKTHPLMKIVNNAFIDLPAPSNISSWWNFGSLLGICLMLQILTGLFLAMHYTSDTATAFSSVTHICRDVNYGWIIRYMHANGASMFFICLFMHVGRGLYYGSYMFLETWNIGVILLFATMATAFMGYVLPWGQMSFWGATVITNLLSAIPYIGTNLVEWIWGGFSVDKATLTRFFAFHFILPFIITALAMVHLLFLHETGSNNPTGISSDVDKIPFHPYYTIKDVLGALLLILVLMLLVLFTPDLLGDPDNYTPANPLNTPPHIKPEWYFLFAYAILRSIPNKLGGVLALVLSILILILMPLLHLSKQRSMMFRPISQCLFWILVADLLTLTWIGGQPVEHPYIIIGQLASIMYFLLILILMPTASTIENNLLKW,0,negative,0.014869047,0.020353487,0.07733392,0.097687407
