sequence,label,group,prob_pos,variance,epistemic_uncertainty,aleatoric_uncertainty,score_pos_lcb,score_neg_ucb
MKTLLLTLVVVTIVCLDLGYTRECYLNPHDTQTCPSGQEICYVKSWCNAWCSSRGKVLEFGCAATCPSVNTGTEIKCCSADKCNTYP,1,positive,0.9699392318725586,3.1578398193232715e-05,0.0004897415637969,0.1344635784626007,0.9587002998604441,0.981178163884673
MKTLLLTLLVVTIVCLDLGYTLECHNQQSSQTPTTTGCSGGETNCYKKRWRDHRGYRTERGCGCPSVKNGIEINCCTTDRCNN,1,positive,0.9698441624641418,4.268193515599705e-05,0.0006590038537979,0.1346242874860763,0.9567778798778823,0.9829104450504014
MKTLLLTLVMVTIMCLDLGYTLTCYKRYFDTVVCKPQETICYRYIIPATHGNAITYRGCSTSCPSGIRLVCCSTDLCNK,1,positive,0.9666903614997864,2.7384738132241185e-05,0.00040964782238,0.1456553488969802,0.9562242756732242,0.9771564473263485
MKTLLLTLVVVTIMCLDLGYTTKCYVTPDVTSQTCPDGQNICYTETWCDAWCGSRGKRVNLGCAATCPKVNPGVDIICCSTDNCNPFPKRS,1,positive,0.9678341150283812,4.278355845599435e-05,0.0006351768970489,0.1415569484233856,0.9547522866460801,0.9809159434106823
MKTLLLTLVVVTIMCLDLGYTLECKICNFKTCPTDELRHCASGETICYKTFWNTHRGLRIDRGCAATCPTVKPGVNIICCKTDNCN,1,positive,0.9660975337028505,3.950184691348113e-05,0.0005735456943511,0.1474827229976654,0.9535274347512143,0.9786676326544866
MKTLLLTLVVVTIVCLDFGHTLICYNYWTPLDKTTECCGNGVTTCFAKSWNDHRGRRTDRGCGCPNVKPGIHLNCCKTDRCNG,1,positive,0.9648901224136353,3.407587792025879e-05,0.0004850476980209,0.1515935510396957,0.9532152129201515,0.976565031907119
MKPVLLTLVVVTIVCLDLGYTRICLKQEPFQPETTTTCPEGEDACYNLFWSDHSEIKIEMGCGCPKTEPYTNLYCCKIDSCNK,1,positive,0.9621122479438782,2.47322295763297e-05,0.0003184825181961,0.160853624343872,0.952165946203768,0.9720585496839883
MKLLLTLLLGSALMCITLADECGLGTHRPVKEVIDNVRTMYYCDCRAGDAERSITVSRCDDNNQKQDDVILTYCGLEQTTGCNTNPYTAAKHDSSGDKPQFYCSCLNYKYEQSHADSRYWTIRCYMGDICD,1,positive,0.9654045104980468,8.221777534345165e-05,0.0011838525533676,0.1491865515708923,0.9472697069045747,0.9835393140915188
MATFQAHFFAAVMCVGVLGLSKLCGADSCEYPDCVFTGLPRSSGVERYILLLNIIEVPDDIQQQCDILIQRAHNCTSQRTGCSRRVEESYDRRFYDGAYVMYLLDLGVYVCGHLSQLLDLKNCFTPKLQESVQSCINAAYNIQCLLDQYDQKNNCPPNTDDYFHTLVNNWLANNPYLGTGADRD,1,positive,0.9591134786605836,4.040167550556362e-05,0.0004898011684417,0.1702613830566406,0.9464010161917205,0.9718259411294468
MKTLLLTLVVVTIVCLDLGYTRRCFNHPSSQPQTNKSCPPGENSCYNKQWRDHRGTIIERGCGCPTVKPGIKLTCCQSEDCNN,1,positive,0.9617692828178406,6.30264330538921e-05,0.0008331537246704,0.16144660115242,0.9458914450489386,0.9776471205867425
MKTLLLTLVVVTIVCLDLGYTMTCCNQQSSQPKTTTICAGGESSCYKKTWSDHRGSRTERGCGCPHVKPGIKLTCCKTDECNN,1,positive,0.9599644541740416,5.1773353334283456e-05,0.0006468743085861,0.1674102246761322,0.9455737136323901,0.9743551947156932
MKTLLLTLVVVTIVCLDLGYTRKCLNTPLPLIYTTCPIGQDKCVKMTIKKLPSKYDVIRGCTDICPKSSADVVVVCCDTNKCDK,1,positive,0.962572455406189,8.035288919927552e-05,0.0010466426610946,0.1586341112852096,0.9446445007878533,0.9805004100245246
MKTLLLTLVVVTIVCLDLGYSLICFNQETYRPETTTTCPDGEDTCYSTFWNDHHGVKIERGCGCPRVNPPISIICCKTDKCNN,1,positive,0.9592617750167848,5.853981201653369e-05,0.0007111728191375,0.1695719063282013,0.9439595121754225,0.974564037858147
MKTLLLTLVVVTIVCLDLGYTRRCFNHPSSQPQTNKSCPPGENSCYNKQWRDHRGTITERGCGCPTVKPGIKLTCCQSEDCNN,1,positive,0.959735870361328,7.195156649686396e-05,0.0008535385131835,0.1679289937019348,0.9427710165161735,0.9767007242064826
MKTLLLTLVVVTIVCLDLGYTRICFNHQSSQPQTTKTCSPGESSCYHKQWSDFRGTIIERGCGCPTVKPGINLSCCESEVCNN,1,positive,0.9555230140686036,4.665949381887913e-05,0.0005252063274383,0.1813948154449463,0.9418614630850763,0.9691845650521309
MKTLLLTLLVVTIVCLDLGYTLECHNQQSSQAPTTTGCSGGETNCYKKGWRDHRGYRIERGCGCPSVKKGIEINCCTTDRCNN,1,positive,0.9588580131530762,7.687204924877733e-05,0.0009277164936065,0.1706287264823913,0.9413226717821445,0.9763933545240079
MKTLLLTLVVVTIVCLDLGYTRRCFNHPSSQPQTNKSCPPGENSCYNKQWRDHRGTITERGCGCPQVKSGIKLTCCQSDDCNN,1,positive,0.9605746269226074,9.70690161921084e-05,0.0011809021234512,0.1649326086044311,0.9408699050324504,0.9802793488127645
MKTLLLTLVVVTIVCLDLGYTMTCCNQQSSQPKTTTTCAESSCYKKTWRDHRGTIIERGCGCPNVKPGIQLVCCETNECNN,1,positive,0.958351731300354,8.004583651199937e-05,0.000922068953514,0.1722253561019897,0.9404580635363656,0.9762453990643424
MKTLLLTLVVVTIVCLDFGHTLICYNDHGYIGKTTETCENGMTTCYEERWREARGTRIERGCGCYKVKPGVQMNCCKTDRCNG,1,positive,0.953294277191162,4.3661922973115e-05,0.0004701763391494,0.1882286518812179,0.9400788433393181,0.9665097110430059
MKTLLLTLVVVTIVCLDLGYTMTCYNQQSSQAKTTTTCSGGVSSCYRKTWSDIRGTIIERGCGCPSVKKGIERICCGTDKCNN,1,positive,0.9531299471855164,4.704207822214812e-05,0.0005199015140533,0.1886742413043975,0.9394125016183347,0.966847392752698
MNATIFALLLLLNLAMHNAAEQSSETDMDDTLLIPEINRGRCIEEGKWCPKKAPCCGRLECKGPSPKQKKCTRP,1,positive,0.9519268274307252,3.9899859984871e-05,0.0004185438156127,0.192383587360382,0.9392935602389223,0.9645600946225281
CIILLLTIFEINADVKVTDCSKDEYSWCVEKCTKVRSKVRQCKVINDSVKCQCH,1,positive,0.9597506523132324,0.0001112238678615,0.0013718903064727,0.1673636734485626,0.9386581069133524,0.9808431977131125
MKTLLLTLVVVTIVCLDLGYTLTCLNCPEMFCGKFQTCRNGEKICFKKLQQRRPFSLRYIRGCAATCPGTKPRDMVECCSTDRCNR,1,positive,0.9529949426651,5.223786502028816e-05,0.0005280822515487,0.1890725344419479,0.9385397892559814,0.9674500960742186
MNTFVVVFLLLTAILCHAEHALDETARGCNRLNKKCNSDGDCCRYGERCISTGVNYYCRPDFGP,1,positive,0.951667308807373,4.820226968149655e-05,0.0004981458187103,0.1930780857801437,0.9377817379251232,0.9655528796896229
MQKLIILLLVAAVLMSTQALFQEKRPKEKIDLLSKRKTDAEKQQKRYCSDDSQPCSHFYDCCKWSCNNGYCP,1,positive,0.9518226385116576,5.214787961449474e-05,0.0005395114421844,0.192573606967926,0.9373799407561142,0.966265336267201
MKTLLLTTVVVTIVCLDLEYTLKCNKLVPLFYKTCPAGKNLCYKMFMVATPKVPVKRGCIDVCPKSSLLVKYVCCNTDRCN,1,positive,0.9529226422309875,6.749296881025657e-05,0.0006596893072128,0.1891584992408752,0.9364918213372821,0.969353463124693
MKTLLLTLVVMTIVCLDLGYTLICFISSHDSVTCAPGENVCFLKSWCDAWCGSRGKKLSFGCAATCPRVNPGIDIECCSTDNCNPHPKLRP,1,positive,0.9536234140396118,7.511467993026599e-05,0.0007849633693695,0.1869200468063354,0.9362896689243442,0.9709571591548795
MNSKVFAVLLLLALSTCVLSEKYCPTPRNTSCKKMNIRNNCCRDSDCTSNAFCCAEPCGNFCHKASDKPGGRRVDPNASCQTGYVYW,1,positive,0.95223206281662,6.80319280945696e-05,0.000739648938179,0.1911501437425613,0.9357357689183445,0.9687283567148954
MRAIISLLLISAMVFSMIEAVPLEEGLQLFEGERGCLPRNKFCNPSSGPRCCSGLTCKELNIWDSRCLG,1,positive,0.948312759399414,4.207895108265802e-05,0.0004041194915771,0.2030493915081024,0.9353391013057755,0.9612864174930524
MNCYLILTVALLLTSAMTGTTTAGQLNKKGVTLREDDRFPCNAGNCACLPLDSYSYTCQSPTSSTANCEGNECRSEADW,1,positive,0.9500033259391784,5.988699194858782e-05,0.0005907714366912,0.1979145556688308,0.9345259887071364,0.9654806631712203
MKTLLLTLVVVTIVCLDLGYTLKCNKLVPLFYKTCPAGKNLCYKIFMVATPKVPVKRGCIDVCPKNSALVKYVCCNTDRCN,1,positive,0.9503525495529176,7.072968583088368e-05,0.0007053166627883,0.1967705190181732,0.9335323609890657,0.9671727381167695
MNSKIFAVLLLLGLLSCVLSDQYCPKSSITACKKMNIRNDCCKDDDCTGGSWCCATPCGNFCKYPADRPGGKRAAGGKSCKTGYVY,1,positive,0.9508233070373536,7.478651968995109e-05,0.0007562786340713,0.1953277140855789,0.9335274671109492,0.968119146963758
MKTLLLTLVVVTIVCLDLGYTMQCKTCSFYTCPNSETCPDGKNICVKRSWTAVAGDGLKREIRRECAATCPPSKLGLTVFCCTTDNCNH,1,positive,0.9513839483261108,8.527067257091403e-05,0.0008269697427749,0.1935928761959076,0.9329155241842503,0.9698523724679714
MNSKIFAVLLLLALLSCVLSDQYCPKSSITACKKMNIRNDCCKDDDCTGGSWCCATPCGNFCKYPTDRPGGKRAAGGKSCKTGYVY,1,positive,0.951073169708252,9.262102685170248e-05,0.0009194910526275,0.1944235861301422,0.9318252059872032,0.9703211334293007
MKTLLLTLVVVTIVCLDFGYTIVCYKRHASDSQTTTCLSGICYKKITRGISRPEMGCGCPQSSRGVKVECCMRDKCNG,1,positive,0.9483312368392944,6.977256998652592e-05,0.0006813108921051,0.2027183473110199,0.9316252415098893,0.9650372321686995
MNSKVFVVLLLLALSTCVLSEKYCPTPRNTSCKKMNIRNNCCRDSDCTSNAFCCAEPCGNFCHKASDKPGGRRVDPNASCKTGYVYW,1,positive,0.9545524716377258,0.0001314941619057,0.001350313425064,0.1835358440876007,0.9316182908670334,0.9774866524084183
MKTLLLTLVVVTIVCLDLGYTLKCNKLVPIASKTCPAGKNLCYKMFMMSDLTVPVKRGCIDVCPKSSLLVKYVCCNTDICN,1,positive,0.9435640573501588,4.355328564997762e-05,0.0003893226385116,0.2166569232940673,0.9303650747151255,0.9567630399851921
MMLKMGAMFVLLLLFILPSSQQEGDVQARKTHLKRGFYGTLAMSTRGCSGTCHRREDGKCRGTCDCSGYSYCRCGDAHHFYRGCTCTC,1,positive,0.9483330845832824,8.224521297961473e-05,0.000773936510086,0.2026203870773315,0.9301952552776995,0.9664709138888652
MRAIISLLLISAMVFSIIEAVPEEEGLQLSEDERGGCLPHNRFCNALSDPRCCSGLRCKELSIWDSRCLG,1,positive,0.9440759420394896,4.88845253130421e-05,0.0004345625638961,0.2151672095060348,0.9300924481537625,0.9580594359252168
VVTIVCLDLGYTLKCNKLVPLFYKTCPAGKNLCYKMYMVATPKVPVKRGCIDVCPKSSLLVKYVCCNTDRCN,1,positive,0.9431115984916688,4.476140384213068e-05,0.0003789812326431,0.2179394215345382,0.929730805713641,0.9564923912696967
MGVNFNICLLLLLVATISSQPLKATEKDDSTDENPFGIYRRGSQCAVYGGRCIPTSVRCPPNTFQCDLSGCSWSERCCCHL,1,positive,0.9483134150505066,8.64216563059017e-05,0.0008804053068161,0.2025712728500366,0.9297207652871294,0.9669060648138837
MKTLLLTLVVVTIVCLDLGYTMTCCNQQSSQPKTTTNCAESSCYKKTWSDHRGTRIERGCGCPQVKRGIKLECCHTNECNN,1,positive,0.9512255787849426,0.0001171580879599,0.0011226832866668,0.1937679052352905,0.9295776608287142,0.9728734967411711
MKTLLLTLVMVTIMCLDLGYTLTCYKGYHDTVVCKPHETICYEYFIPATHGNAILARGCGTSCPGGIRPVCCRTDLCNK,1,positive,0.9494800567626952,0.0001019883784465,0.0009855329990386,0.1990578174591064,0.9292821976240142,0.9696779159013762
MKTLLLTLVVVTIVCLDLGYTRICHKSSFISETCPDGQNLCYLKSWCDIFCGSRGERLEFGCAATCPEVKPGVNIECCSTDNCNPHPKLRP,1,positive,0.946858525276184,8.550942584406585e-05,0.0007901787757873,0.2068730890750885,0.9283642639128241,0.9653527866395438
MKTLLLTLVVVTIVCLDLGYTRTCLISPSSTPQTCPQGQDICFLKAQCDKFCSIRGPVIEQGCVATCPQFRSNYRSLLCCTTDNCNH,1,positive,0.9444135427474976,6.764110730728135e-05,0.0006190985441207,0.2140275686979293,0.9279646999544885,0.9608623855405066
MRTIISLLLLSAMVFAEIEAISLEEGLQLFEGERGCVGENQQCANWAGPHCCSGYYCTCRYFPKCICRKDSGK,1,positive,0.9438643455505372,6.671075243502855e-05,0.0006099790334701,0.2155894786119461,0.927529015442452,0.9601996756586224
MKLTCVMIVAVLLLTACQLITAEDSRGTQKHRTLRSTARRSKSESTTRCRSSGSPCGVTSICCGRCYRGKCT,1,positive,0.947562575340271,0.0001140940148616,0.0010232180356979,0.2046071738004684,0.9261996153523292,0.9689255353282128
MNSKIFAVLLLLALLSCVLSDQYCPKSSITACKKMNIRNDCCKDDDCTGGSWCCATPCGNFCKYPTDRPGGRRAAGGKSCKTGYVY,1,positive,0.948050856590271,0.0001246730826096,0.0012067556381225,0.2030081748962402,0.9257194363390107,0.9703822768415313
MSTFVIVFLLLTAVLCHAEPALDETARGCNRLNKKCNSDGDCCRYGERCISTGVNYYCKPDFGP,1,positive,0.9440122842788696,8.535372035112232e-05,0.0007906854152679,0.2149911820888519,0.9255348688371882,0.9624896997205511
MKTLLLTLLVVTIVCLDLGYTLKCNKLVPLFYKTCPAGKNLCYKMFMVSNLTVPVKRGCIDVCPKNSALVKYVCCNTDRCN,1,positive,0.942615807056427,8.712396811461076e-05,0.0007516741752624,0.2189565896987915,0.9239477629044961,0.9612838512083579
MKAIISLLLISAMVFSIIEPVPKKKGLQLSENERGGCLPHNKFCNALSGPRCCSGLKCKELTIWNTKCLE,1,positive,0.9485164880752563,0.0001572900218889,0.0014885962009429,0.2013716697692871,0.9234334243159067,0.973599551834606
MNCYLILTVALLLTSAMTGTTTAGQLNKKGVTLREDDGFPCNAGNCACLPLDSYSYTCQSPTSSTANCEGNECVSEADW,1,positive,0.944374680519104,0.0001132918114308,0.0010182559490203,0.2137385308742523,0.9230869552831095,0.9656624057550985
MKTLLLTLVVVAIVCLDLGYTLTCLICPEKDCQKVHTCRNEEKICVKRFYDKNQLGWRAQRGCAVSCPKAKPNETVQCCSTDKCNK,1,positive,0.9430456161499025,0.0001079198700608,0.0009664893150329,0.2175374329090118,0.9222687183967921,0.9638225139030128
LECNKLVPIAHKTCPAGKNLCYQMYMVSKSTIPVKRGCIDVCPKSSLLVKYVCCNTDRCN,1,positive,0.9428613781929016,0.0001106960189645,0.0009514391422271,0.2180691659450531,0.9218189430710342,0.963903813314769
MQKATVLLLALLLLLPLSTAQDAEGSQEDAAQREVDIATRCGGTGDSCNEPAGELCCRRLKCVNSRCCPTTDGC,1,positive,0.9424431920051576,0.0001168740709545,0.0010128915309906,0.2191783636808395,0.920821529631094,0.9640648543792212
MRTIISLLLLSAMVFAVIEAISLEEGLQLFEGERGCVGENQQCADWAGPHCCSGYYCTCRYFPKCICVNDNGK,1,positive,0.9377450942993164,7.653824286535382e-05,0.0006076544523239,0.2325197160243988,0.9202478667628918,0.955242321835741
MKTLLLTLVVVTIVCLALGYTLTCLICPEKYCNKVHTCLNGEKICFKKYDQRKLLGKRYIRGCADTCPVRKPREIVECCSTDKCNH,1,positive,0.9402016401290894,0.0001019683622871,0.0008606761693954,0.2255516499280929,0.9200057630956847,0.960397517162494
MKTLLLTLVVVTIMCLDLGYTTKCYKTGERIISETCPPGQDLCYMKTWCDVFCGSRGRVVELGCTATCPTVKPHEQITCCSTDNCNPHPKMKQR,1,positive,0.9377147555351256,7.962809468153864e-05,0.0006642341613769,0.2325454652309417,0.919867840431216,0.9555616706390352
MKTLLLSLVVVTIVCLDLGYTRLCLSDYSIFSETIEICPDGHNFCFKKFPKGITRLPWVIRGCAATCPKAEARVYVDCCARDKCNR,1,positive,0.9377815127372742,8.630307274870574e-05,0.0006901770830154,0.2323384284973144,0.9192016233136305,0.9563614021609178
MKTLLLTLVVVTIVCLDLGYTRTCLISPSSPPQTCPKGEDICIVKARCDEWCLRRGPLIERGCAATCPEFRSNYRSLLCCTTDNCNH,1,positive,0.935711681842804,7.101328810676932e-05,0.0005631744861602,0.2380443513393402,0.9188578053620925,0.9525655583235154
MRSIISLLLISAMVFSMIAAVPEEEGLQLSEDERGGCLPHNRFCNALSGPRCFSGLRCKELSIWDSRCLG,1,positive,0.943583846092224,0.0001559453521622,0.0013774335384368,0.215612918138504,0.9186082298105624,0.9685594623738856
MKTLLLTLVVVTIVCLDLGYTLTCLNCPEMFCGKFQICRNGEKICFKKLHQRRPLSWRYIRGCADTCPVGKPYEMIECCSTDKCNR,1,positive,0.9403094053268432,0.0001245226594619,0.00105881690979,0.2250564396381378,0.9179914610252817,0.9626273496284046
MGVKLNICLLLLLVAIISSQGFNLRKKEDSKDEKPFGNYRRGSPCSNYEGSCTPNHIPCPPGSHECRQLPGCYPGVERCCCQY,1,positive,0.9344797134399414,6.992334238020703e-05,0.0005370676517486,0.2413569390773773,0.9177556777571038,0.951203749122779
MKTLLLTLVVVTIVCLDVGNSFSCYKTPDVKSEPCAPGENLCYTKTWCDRFCSIRGKVIELGCAATCPPAEPRKDITCCSTDNCNPHPAH,1,positive,0.938194751739502,0.0001064687603502,0.0008674710988998,0.2310383766889572,0.9175580116529282,0.9588314918260757
MKTLLLTLAAATIVCLDLGYTLKCNKLIPIASKTCPAGMNLCYKMFMMSDLTIPVKRGCIDVCPKNSLLVKYVCCNTDRCN,1,positive,0.9397363662719728,0.0001244747982127,0.0010434836149215,0.2266488522291183,0.9174227114200486,0.9620500211238969
MKTLLLTLVVVTIVCLDLGYTMTCCNQQSSQPKTITTCAESSCYKKTWKDHHGTRIERGCGCPKVKPGVGLECCKTDECNN,1,positive,0.9391404390335084,0.000127265258925,0.0011008828878402,0.2282251119613647,0.9165780580487808,0.961702820018236
MKTLLLTLVVVTIVCLDLGYTLKCNKLVPLFYKTCPAGKNLCYKMFMVATPKVPVKRGCIDVCPKNSLLVKYVCCNTDRCN,1,positive,0.9363678097724916,0.000111607449071,0.0008887350559234,0.2359581440687179,0.9152389244189287,0.9574966951260544
MKTLLLTLVVVTIVCLDLGYTLTCVKSNSIWFPTSEDCPDGQNLCFKRWQYISPRMYDFTRGCAATCPKAEYRDVINCCGTDKCNK,1,positive,0.930034041404724,5.522216815734282e-05,0.0004058480262756,0.2531449794769287,0.9151717174737444,0.9448963653357036
MQKLTILLLVAAVLMSTQALIKGGGEKRPKEKIKFLSKRKTTAESWWEGECSGWSVYCTQHSECCSGECTGNYCELF,1,positive,0.9389430284500122,0.0001427177339792,0.0011718422174453,0.2286941707134246,0.9150501228938267,0.9628359340061977
MKLVMRILLTCFLLTTLVIKAEGQIHTNQPCTSNNTRCRTYCIKVHKINSGKCMNSKCVCHP,1,positive,0.9406272768974304,0.0001795379212126,0.0014594793319702,0.223778486251831,0.9138289246187846,0.9674256291760762
MQKLTILLLVAAVLMSTQALIKGGGEKRPKEKIKFLSKRRTNAERWWEGDCTGWLDGCTSPAECCTAVCDATCKLW,1,positive,0.9348746538162231,0.0001134809936047,0.0008572489023208,0.2399858981370926,0.9135691621669135,0.9561801454655328
MNCYLILTVALLLTSAMTGTTTAGQLNKKGVTLREDDRFPCNPGGCACRPLDSYSYTCQSPSSSTANCEGNECVSEADW,1,positive,0.9413369297981262,0.0002015708596445,0.0016313046216964,0.2216416299343109,0.9129417992547039,0.9697320603415486
MASFTSFCVLFTFCLLLLAHQARSGERQYKTESRNGKCVGEDDQLHAPTEVWYNDNDCSEHTCVNDDTGYYEIIRRCTLIAYPDECHMINGTGPRYPQCCCKVTCELD,1,positive,0.9335219264030457,0.0001088805875042,0.0008597820997238,0.2435722351074218,0.9126527541622307,0.9543910986438606
MVPKLFTSQICLLLLLGLMGVEGSLHAKPGQFTWAQWFEIQHINMTSGQCTNAMQVINNYQRRCKNQNTFLLTTFADVVHVCGNPSMPCPSNTSLNNCHHSGVQVPLIHCNLTTPSRRISNCRYTQTTANKYYIVACNNSDPVRDPPQYPVVPVHLDRII,1,positive,0.9385436177253724,0.0001677307300269,0.0013715624809265,0.2295845448970794,0.9126414378922464,0.9644457975584985
MKTLLLTLVVVTIVCLDLGYTLKCNKLIPIASKTCPAGKNLCYKMFMVATPKVPVKRGCIDVCPKSSLLVKYVCCNTDRCN,1,positive,0.9313472509384156,8.815837645670399e-05,0.0006439387798309,0.2494959533214569,0.9125687125014974,0.9501257893753339
MRSQHVLILLLGLVCASQVLGKHLTKVKAKALHYDKRGDCDWPTGVCFYIHDPCPPGLRRCPQHDDGCYLPTNHCCCYP,1,positive,0.9343740344047546,0.0001214996955241,0.0009432137012481,0.2412315607070922,0.9123286543423379,0.9564194144671714
LKCNKLVPIAYKTCPEGKNLCYKMFMMSDLTIPVKRGCIDVCPKNSLLVKYVCCNTDRCN,1,positive,0.9360650181770324,0.0001636104570934,0.001347467303276,0.2363127768039703,0.9104829575021454,0.9616470788519194
MRTIISLLLLSAMVFAVIEAISLEEGLQLFEGERGCVGENQQCADWAGLHCCSGYYCTCRYFPKCICRKDSGK,1,positive,0.932101547718048,0.0001334013650193,0.0010223984718322,0.2471462190151214,0.9090016459849842,0.9552014494511117
MEKLTILLLVAAVLMSIQALNQEQHQRAKINLLSKRKAPAERWWRWGGCLLWFGRCTKDSECCSDSCDRTYCELARFPEGW,1,positive,0.9333575963974,0.0001655355154071,0.0012410730123519,0.2436248809099197,0.9076254751939625,0.9590897176008375
MKTLLLTLVVVTIVCLDLGYTLKCNQLIPPFYKACAAGKNLCYKMFMVAAPKVPVKRGCIDVCPKSSLLVKYVCCNTDRCS,1,positive,0.9341260194778442,0.0001914204913191,0.0014270097017288,0.2414059191942215,0.9064550605989691,0.9617969783567194
MSGTGVLLLTLLLLVAMAASDMLSSLIQAHERDSEESCKSYGGGPCPSGEDCCCPPGRSTGTCKRTCNNGSVCA,1,positive,0.93268883228302,0.0001748539361869,0.0013865530490875,0.2452410161495208,0.9062423628636892,0.9591353017023508
MNPKLCMLLLVCLMAFYVIETVQAKLTGECPAELEKECLNRRCASPCCKNNKCHCGCGRKK,1,positive,0.9266836047172546,0.0001047563418978,0.0007514059543609,0.2613828182220459,0.9062134955922109,0.9471537138422984
MKLTCVVIVAVLLLTACQLITADDSRGTQKHRALRSDTKLPMSTRCKLKGQSCRKTSYDCCSGSCGRSGKCG,1,positive,0.9292781949043274,0.0001422760688001,0.0009820163249969,0.254520058631897,0.9054222883988013,0.9531341014098534
MKTIIVLLLLTIVAAAVVESSPKARRQTECQIKNDCQRYCQSVKECKYGKCYCNYAG,1,positive,0.9247987866401672,0.0001070322541636,0.0007374882698059,0.2661522030830383,0.9041075078818498,0.9454900653984847
MKTLLLTLVVVTIVCLDLGYTLKCNQLIPPFYKTCAAGKNLCYKMFMVAAQRFPVKRGCIDVCPKSSLLVKYVCCNTDRCNN,1,positive,0.92752867937088,0.0001418844913132,0.0009495615959167,0.2590355277061462,0.9037056240409522,0.9513517347008078
MKTLLLTMVVVTIVCLDLGYTLKCHNTQLPFIYKTCPEGKNLCFKATLKKFPLKFPVKRGCADNCPKNSALLKYVCCSSDKCN,1,positive,0.9288334846496582,0.0001680626010056,0.0011777579784393,0.2554682195186615,0.9029056925334289,0.9547612767658875
MRLAYLLLLLVAVLFQAGGGSVEAFVQHRPRDCESINGVCRHKDTVNCREIFLADCYNDEQKCCRK,1,positive,0.9191238284111024,7.179089880082756e-05,0.0004587769508361,0.2804453074932098,0.9021779263931127,0.9360697304290921
MKLTCVVIVAVLLLTACQLITADDSRGTQRHRALRSDTKLSMSTRCKGKGASCSRTMYNCCSGSCNRGKCG,1,positive,0.9257041811943054,0.0001417328749084,0.0010092854499816,0.263602614402771,0.9018938578106636,0.9495145045779473
MRTIISLLLLSAMVFAVIEAISLEEGLQLFEGERGCVGENQQCADWAGPHCCSGYYCTCRYFPKCICRKDSGK,1,positive,0.9321619272232056,0.0002477101807016,0.0018240809440612,0.2461864501237869,0.9006843046508701,0.963639549795541
MKTLLLTFLVVTIVCLDLGYTLICHQVHGLQTCEPAQKFCQKRTTMFFPNHPVLLMGCTYNCPTERYSVCCSTDKCNK,1,positive,0.928553581237793,0.0001987070427276,0.0012694299221038,0.2560950219631195,0.9003608841176095,0.9567462783579764
MEKLTILLLVAAVLMSTQAQNQEQRQQAKINFLSKRKPSAERWRRDCTSWFGRCTVNSECCSNSCDQTYCELYAFPSFGA,1,positive,0.929240584373474,0.0002101830177707,0.0014807879924774,0.254118263721466,0.9002452042055438,0.9582359645414043
MKNIAMKTTVVLTILLLSVLTAINADTMKKRSDYCSNDFCFFSCRRDRCARGDCENGKCVCKNCHLN,1,positive,0.924933910369873,0.0001648537145229,0.0011337995529174,0.2654165923595428,0.899254836046767,0.9506129846929791
MKLTCVVIVAVLLLTACQLITAEDSRGTQKHRTLRSTARRSKSELTTRCRPSGSPCGVTSICCGRCSRGKCT,1,positive,0.9216030836105348,0.0001376113650621,0.0009184777736663,0.2739180028438568,0.898141509489253,0.9450646577318166
MKLTCVMIVAVLLLTVCKVVTSDQLKKLRRECYLEPGDSCFHHDGRGACCEGTCFFGVACVPW,1,positive,0.9223700761795044,0.0001512461749371,0.0009855926036834,0.2719567716121673,0.8977736394508155,0.9469665129081933
MKTLLLTFLVVTIVCLDLGYTLICHQLHGLQTCEPAQKFCQKRTTMFSPNHPVLLMGCTYNCPTERYSVCCSTDKCNK,1,positive,0.9247391819953918,0.0001859261974459,0.0012592375278472,0.2657799124717712,0.8974682306041477,0.952010133386636
MKTLLLTLVVVTIVCLDLGYTLKCNKLVPLFYKTCPAGKNLCYKMFMVAMPKVPVKRGCIDVCPKSSLLVKYVCCNTDRCN,1,positive,0.9200276136398317,0.0001306416525039,0.0008572936058044,0.277844488620758,0.897167897761991,0.9428873295176723
MKTLLLTLVVVTIVCLDLGDSLRCYMGPKTPRTCPPGENLCFTKTWCDPRCSLLGKLVKLGCAATCPIPKSYEDVTCCSTDNCNRFPKWERSRPRPRGLLSSIMDHP,1,positive,0.9192337989807128,0.0001679467677604,0.0010825991630554,0.2795540392398834,0.8933149434689122,0.9451526544925134
MKLLLLLIVSASMLIESLVNADGYIKRRDGCKVACLIGNEGCDKECKAYGGSYGYCWTWGLACWCEGLPDDKTWKSETNTCGGKK,1,positive,0.9207773208618164,0.0002087980974465,0.0013100504875183,0.275556743144989,0.8918776255384051,0.9496770161852277
MQKLIILLLVAAVLMSTQALFQEKRPMKKINFLSKGKTDAEKQRKRSCSDDWQYCEYPHDCCSWSCDVVCS,1,positive,0.915547490119934,0.0001628361060284,0.0009917914867401,0.2885196208953857,0.8900260398454374,0.9410689403944306
MMSKMGAMFVLLLLFTLASSQQEGDVQARKTRPKSDFYRALPRSGSTCTCFTSTNCQGSCECLSPPGCYCSNNGIRQPGCSCTCPGTG,1,positive,0.9208530187606812,0.0002682630147319,0.0017037689685821,0.2749772071838379,0.8880955454312621,0.9536104920901002
MKLICVFIVAVLLLTACQLNAADDSRDTQKHRALRSTTKLSMSKKDSCVPDGDSCLFSRIPCCGTCSSRSKSCVG,1,positive,0.9104458093643188,0.0001366652140859,0.0007934272289276,0.3007117807865143,0.887065029729251,0.9338265889993866
MKLTCVVIVAVLLLTACQLITADDSRGTQKHRALGSTTELSLSTRCKSPGSSCSPTSYNCCRSCNPYTKRCYG,1,positive,0.9103633761405944,0.0001367813965771,0.0008139908313751,0.3008822798728943,0.886972660326229,0.9337540919549597
MKLTCVAIVAVLLLTACQLITAEDSRGTQLHRALRKTTKLSVSTRCKGPGAKCLKTMYDCCKYSCSRGRC,1,positive,0.917866587638855,0.0002512178034521,0.0015307068824768,0.2824185490608215,0.8861668839524102,0.9495662913252998
MNAKFILLLLVVTTTILLPDTQGAEVIKCRTPKDCADPCRKQTGCPHAKCMNKTCRCHRCG,1,positive,0.9127170443534852,0.0001785796775948,0.0010540187358856,0.2951520681381225,0.885990302868987,0.9394437858379835
MKLLLLLTISASMLIEGLVNADGYIRGGDGCKVSCVINHVFCDNECKAAGGSYGYCWGWGLACWCEGLPADREWDYETDTCGGKK,1,positive,0.9133825302124025,0.000213551276829,0.0013016760349273,0.2933395802974701,0.8841557427167505,0.9426093177080545
MKTLLLSLVVMTIVYLDLGYTLKCHESENLDDHVVCEEDETMCYKFTFVPFRDFEIVARGCSASCPEEKDVVCCSTDLCNK,1,positive,0.9071800112724304,0.000201344009838,0.00113046169281,0.3078836798667907,0.8788008633050935,0.9355591592397673
MYPAHLLLLLAVCVSLLGASAIPPLPLNLIQFTYLIECANKGRRTSFNYADYGCYCGIGGSGTPVDKLDRCCKTHDECYAQAEKKGCYPKLTMYNYYCGGGGPYCNSKTECQRFVCDCDVRAADCFARYPYNNKNYNINTSNRCK,1,positive,0.900922417640686,0.000170216531842,0.0008966326713562,0.3221549391746521,0.8748290060705598,0.9270158292108123
MAPLLKLNILLLIVLICFTFHANATHRCVRHGEYCNERIRLDCCFGDCVKNKCSDDF,1,positive,0.908902943134308,0.0002976476971525,0.0017440319061279,0.3033246397972107,0.8743980045224222,0.9434078817461937
MEKLTILLLVAAVLMSTHAMFQGGGEKSRKAINFSETRKLARNKQKRCDGWSTYCHDDSECCSETCANSYCTLIKGVRTTSHPI,1,positive,0.9093459248542786,0.0003097103326581,0.0017461478710174,0.3023023605346679,0.8741487469754713,0.9445431027330858
MSNMPVLIITLLLFSMYISTAAQKPTEIKCRYPADCHIMCRKVTGRAEGKCMNGKCTCYY,1,positive,0.909103512763977,0.0003068384248763,0.001670479774475,0.3029366731643677,0.8740699046211494,0.9441371209068047
MNAKFILLLLVVTTTMLLPDTQGAEVIKCRTPKDCADPCRKQTGCPHGKCMNRTCRCNRCG,1,positive,0.903644561767578,0.0002587068593129,0.0013672709465026,0.3156332373619079,0.8714758279216275,0.9358132956135286
MEKLTILLLVAAVLTSTQALIQGGADERQKAKINFLSRSDRECRGYNAPCSAGAPCCSWWTCSTQTSRCF,1,positive,0.9008245468139648,0.0002436980284983,0.0013275444507598,0.3219399154186249,0.8696028858396797,0.93204620778825
MKLLLLLTISASMLIEGLVNADGYIRGGDGCKVSCVINHVFCDNECKAAGGSYGYCWAWGLACWCEGLPADREWDYETNTCGGKK,1,positive,0.905796229839325,0.0003447893541306,0.0019029378890991,0.3102545738220215,0.8686592211213036,0.9429332385573463
MKTLLLTLLVVTIVCLDLASTMICYSHKTPQPSATITCEEKTCYKKSVRKLPAIVAGRGCGCPSKEMLVAIHCCRSDKCNE,1,positive,0.9009562730789183,0.0002856607316061,0.0015086531639099,0.3214680552482605,0.8671532713420252,0.9347592748158114
MSTLKMMLLILLLLLPLATFDSDGQAIPGGGIPSAVNSRVGRLLGGDEKSGRSLEKRCSSGKTCGSVEPVLCCARSDCYCRLIQTRSYWVPICVCP,1,positive,0.9003845453262329,0.0002834332408383,0.0014543533325195,0.3227829337120056,0.8667135939979262,0.9340554966545396
MAVKFHLCLLLIILVGMGAHVAFADLPLCDYPYGACFYRADPCPDDMPVECPNYFYCPQQTDRCCCYE,1,positive,0.9087909460067748,0.0004461380594875,0.0025362372398376,0.3027899861335754,0.8665469850425138,0.9510349069710358
MKLTCVVIVAVLLLTACQLITADDSRGTQKHRSLRSTTKVSKATDCIEAGNYCGPTVMKICCGFCSPYSKICMNYPKN,1,positive,0.8979995846748352,0.0002629337832331,0.00136399269104,0.3280922770500183,0.8655691185521844,0.930430050797486
MQRNLVVLLLLGMVALSSCGLREKHFQKLVKYAVPESTLRTILQTAVHKLGKTQFGCPAYQGYCDDHCQDIKKEEGFCHGMKCKCGIPMGF,1,positive,0.8925334811210632,0.0001877053728094,0.0009378492832183,0.3402477204799652,0.8651323590411629,0.9199346032009635
MRPSFPLLLIMLLVCTAHHMVSGENAQSCTPEQQKTCKQYSCINPCCENNQCRCGCGILEGESK,1,positive,0.8969933390617371,0.0002596695558167,0.0013392567634582,0.3303001821041107,0.8647648078623975,0.9292218702610766
MSKLGVVLFTLLLLVPLVTPERDGGKWTMLAKNKKAMKRNLMDFITRTCDPYYCNDGKVCCPEYPTCGDSTGKLICVRVTD,1,positive,0.8904942274093628,0.0001749818620737,0.0008419156074523,0.3446387648582458,0.8640380854325967,0.9169503693861288
MSSGGLLLLLGLLTLCAELTPVSSRQRHRDCDKPPDKGNCGSVRRAFYYDTRLKTCKAFPYRGCNGNGNHFKTETLCRCECLVYP,1,positive,0.8939409255981445,0.0002555941464379,0.0012812316417694,0.3369144797325134,0.8619663015072877,0.9259155496890014
MKLTCVVIVAVLLLTACQLLTADDSRGTQKHRSLRSTTKVSKATDCIEAGNYCGPTVMKICCGFCSPFSKICMNYPQN,1,positive,0.8887465596199036,0.0001844350335886,0.0008715987205505,0.3482564091682434,0.8615851875199083,0.9159079317198988
MVTPHGILLLTITAAASLLWITFAEITIPNDAKSFENFLKEHGPGKPGPLGYFNSIYMAFTREEAENFPNLVSVHTRMKRIKTQNSTIPDKYVILGIQAPNDTQEQNSTRNKRDSESYTATTQSGTCSTTIGGLQRLCEVCPARTDLGPDITPRFINEVLCDVPGLDCGVGQVGGKCRSASVFQDFLRFSSSDSNLEVYSQEIRVCCECALALS,1,positive,0.88788902759552,0.0002008464798564,0.0009506940841674,0.3499554991722107,0.8595449643824661,0.916233090808574
MILQVVLLLACLSGAIVSTGACCPPSRFNAFQYVTIVNSTTRTRGLYYMVYDGPNERYLLTGDRLKNLYGTTRVIYDYKKGIAYNIDVQKRSCTTFPLHGKFEDQENVCVPRDAVYTGRSAYGFDQGALHSWSYEYNRTHPDGRHQNIETTVTKENCIPIVTTTISTDASGGNSLHILGYNDFYPGIRDISMLEIPSYCRA,1,positive,0.8876924514770508,0.0002222294715465,0.0010522603988647,0.3502604961395263,0.8578777254815633,0.9175071774725383
MKTLLLTLVVVTIVCLDFGYARTCLKTPEVKSEPCPPGQEVCYTKAWRDRMCSFRGKVIELGCAATCPRQEPGKEITCCSTDDCNTHP,1,positive,0.8936828374862671,0.0003570188418962,0.0017520487308502,0.3369934856891632,0.8558929530251471,0.9314727219473871
MGKHILLLPLGLSLLMSSLLALQCFRCISFDSTGFCYVGRHICQTYPDEICAWVVVTTRDGKFVYGNQSCAECNATTVEHGSLIVSTNCCSATPFCNMVHR,1,positive,0.8800455927848816,0.0002227645745733,0.0010028183460235,0.3658312857151031,0.8501949931545023,0.9098961924152609
MYPAHLLLLLAVCVSLLGASAIPPLPLNLIQFTYLIECANKGRRTSFNYADYGCYCGIGGSGTPVDKLDRCCKTHDECYAQAEKKGCYPKLTMYNYYCGEGGPYCNSKTECQRFVCDCDVRAADCFARYPYNNKNYNINTSKRCK,1,positive,0.8935487866401672,0.0005067356396466,0.0024246871471405,0.3366060853004455,0.8485272078297079,0.9385703654506266
SSGGLLLLLGLLTLCAELIPVSSRQRHRDCDKPPDKGNCGSVRRAFYYDTRLKTCKAFPYRGCNGNGNHFKTETLCRCECLVYP,1,positive,0.8873159289360046,0.0004660684207919,0.0021739900112152,0.3499164879322052,0.8441386932305128,0.9304931646414965
MSGLGIMVLTLLLLVSMATSHQDGGGKQATQRDAINVRRRRSITRREVVTEECEEYCKEQNKTCCGLTNGRPRCVGVCFG,1,positive,0.878703236579895,0.0003038424183614,0.0013311505317687,0.3681696355342865,0.8438410841299157,0.9135653890298744
MNTIIPLLLLSLLITVYAYALEDGNKEEMQDIAESEFEASNEMLQLAHLLEADRAETEEDRNSRQKRCWGANVPCEDENSPCCPPLKCEKTFGYGWWYGSPFCVRSGSG,1,positive,0.8855289220809937,0.000435540539911,0.0020768642425537,0.3536853492259979,0.8437897059929548,0.9272681381690325
MLRPKALTQVLSQANTGGVQSTLLLNNEGSLLAYSGYGDTDARVTAAIASNIWAAYDKNGHQAFNEDNLKFILMDCMEGRVAITRVSNLLLCMYAKETVGFGMLKAKAQALVHYLEEPLNQVSSS,0,negative,0.000325496221194,1.7661164974924762e-08,2.0668376237154007e-05,0.0029185558669269,5.970558949359745e-05,0.0005912868528944026
MQEMKPAALSGSNGLNGASGSSVRVPCSRLSRAGRMALDLQSKCAAYVLALRPWSFSASLTPVALGSALAYKLEGSVDLLLLLVCAVAVLLVHGAGNLVNTYYDFSKGIDHKKSDDRTLVDQILKPQDVVMFGAVLYSAGCLCATLLYFLSSLKLEHLALIYFGGLSSSFLYTGGIGLKYVALGDVVILITFGPLAVMFAHAVQVGYLSVLPLVYAVPLALNTEAILHSNNTRDMDSDKQAGIVTLAILLGPTLSYVIYNLLLFVPYLLFCILATRYTISMALPLLTLPMAFPLERQFRCRCYAKIPQKTAKLNLLMGLFYVFGIILAPQGSLPLL,0,negative,0.0012311006430536,9.559923341839749e-08,3.675185143947601e-05,0.0094417398795485,0.0006127181290110455,0.0018494831570961543
MSSSRYEPSWDVDLAPLLSCKLCLGEFPLEQMTTISQCQCIFCSLCLKQYVELLIKEGLETAISCPDSACPKQGHLLENEIECMVAGEVMQHYKRLQFEREVLLDPCRTWCPSSSCQAVCQLNEAEVQLPQPVQCPECSLRFCSACRADCHTGQACQEMLPITTFLPGENGSNLKSQEDEAPIKRCPKCKVYIERDEGCAQMMCKNCKHAFCWYCLESLDDDFLLIHYDKGPCRNKLGHSRASVIWHRTQVVGIFAGFGLLLLVASPFLLLATPFVLCCKCKCKRGDDDPLPT,0,negative,0.0011453063925728,1.266352143147742e-07,5.085673183202744e-05,0.0088498312979936,0.0004335895547369253,0.0018570232304086747
PQMMGIPLILIAIILPMLLMFTSSTRLSSNRMTTMQLWVMNTITKQLFLPVNMPGHKWAAMLITLMIFLLSMNMLGLLPYTFTPTTQLSMNMALAAPLWLATVLTGLRNQPTASLGHLLPEGTPTPLIPLLIIIETVSLFIRPLALGVRLTANLTAGHLLIQLISTAAFVLMPTMPMAALSTLIVLMLLTGLEIAVAMIQAYVFTLLLTLYL,0,negative,0.0011426474666222,1.3064482118352316e-07,5.008187144994736e-05,0.0088326949626207,0.00041975101156512017,0.0018655439216792797
STVLLFSSILLMLKNNLNNEINESFTSMIIMSALLLKSGAAPFHFWFPNMMEGLTWMNALVLMTWQKIAPLMLISYLNIKYLLLISVILSVIIGAIGGLNQTSLRKLMAFSSINHLGWMLSSLMISESIWLIYFFFYSFLSFVLTFMFNIFKLFHLNQLFSWFVNSKILKFTLFMNFLSLGGLPPFLGFLPKWLVIQQLTLCNQYFLLLLMMMSTLITLFFYLRICYSAFMMNYFENNWIMKMNMISSNTNMYLIMTFFSIFGLFMISLFYFMF,0,negative,0.0017009371658787,7.562942272443253e-08,2.153497189283371e-05,0.0125241605564951,0.0011509210834795302,0.0022509532482778696
MNPLILTIILMTVFLGTMIVMASSHWLMIWIGFEMNLLAIIPILMKKYNPRAMEASTKYFLTQATASMLLMMAIIINLMHSGQWTITKVFNPTASIIMTLALAMKLGLTPFHFWVPEVTQGISLTSGLILLTWQKLAPMSILYQISPSINLNILLTMAVLSILVGGWGGLNQTQLRKIMAYSSIAHMGWMAAILVYNPTLTMLNMLIYIMMTLTMFMLFIHSSSTTTLSLSHTWNKAPLITTLILITLLSMGGLPPLSGFMPKWMIIQELTKNSSIILPTLMAIMALLNLYFYMRLTYSTSLTMFPSTNNMKMKWQFETKQITLLPPLIIASSLLLPLTPMLSILD,0,negative,0.0019208857556805,1.7141653074759233e-07,4.347041249275208e-05,0.0138905737549066,0.0010928361659877273,0.0027489353453732726
MNPITFSVVLTSLASEQFLAVSSSHWLLAWMGLEINTLAIIPLMTQHKHPRAIEASTKYFLTQAAASALLLFSSLNNAWLTGEWSILDLTNPLSCATMTIAICMKLGLAPFHFWLPEVLQGLSLTTGLILSTWQKLAPMAILYQIAPMLNTPLLLTLGLTSTLIGGWGGLNQTQLRKILAFSSIAHLGWMISILPFSPQLMILNLTIYLIMTSTMFLVLKTISSTKISSLATSWSKTPSTTALSLLTLLSLGGLPPLSGFVPKWFIIQELTSQNTTILATTLALSALLSLFFYLRLTYIVTLTSSPNTSNASLTWRHHSKQPTLLLSIALILSSFIIPISPLTLT,0,negative,0.0020686625503003,2.1612697764794575e-07,4.74732369184494e-05,0.0148051735013723,0.0011388733749536609,0.002998451725646939
MASSLTCTGVIWALLSFLCAATSCVGFFMPYWLWGSQLGKPVSFGTFRRCSYPVHDESRQMMVMVEECGRYASFQGIPSAEWRICTIVTGLGCGLLLLVALTALMGCCVSDLISRTVGRVAGGIQFLGGLLIGAGCALYPLGWDSEEVRQTCGYTSGQFDLGKCEIGWAYYCTGAGATAAMLLCTWLACFSGKKQKHYPY,0,negative,0.0020473946351557,2.404675001344003e-07,5.571264773607254e-05,0.0146653428673744,0.001066644921651994,0.003028144348659406
MTLSFFDQFLSPTLFGIPLIALALLLPWTLFPAPSSRWVNSRLLTLQSWFINRFTQQLLLPLNMGGHKWGPYILLVMVFLISINMLGLLPYTFTPTTQLSVNMALAVPVWLMTVIIGLRKNPTAALGHLLPEGTPVPLIPALILIETISLFIRPLALGVRLTANLTAGHLLIQLIATAAFVLLPLMPTVAILTTILLFLLTLLEVAVAMIQAYVFVLLLSLYLQENV,0,negative,0.0019865669310092,3.502658785237145e-07,7.443688809871674e-05,0.0142692048102617,0.0008029016429759409,0.003170232219042459
MARGCLCCLKYMMFLFNLIFWLCGCGLLGVGIWLSVSQGNFATFSPSFPSLSAANLVIVIGTVVMVTGFLGCLGAIKENKCLLLSFFIILLIILLTELILLILFFVYMDKVNENAKQDLKDGLLLYNSENNVGLKNAWNIIQAEMHCCGVTDYTDWYPVLGENTVPDRCCMENSQDCGHNSTSLVWKTGCYEKVKMWFDDNKHVLGTIGMCILIIQILGMAFSMTLFQQIHRTGKKYDA,0,negative,0.0024334718473255,2.3882995492385817e-07,4.737824201583862e-05,0.0170288234949111,0.0014560672127470506,0.0034108764819039497
MEGQDEVSAREQHFHSQVRESTICFLLFAILYVVSYFIITRYKRKSDEQEDEDAIVNRISLFLSTFTLAVSAGAVLLLPFSIISNEILLSFPQNYYIQWLNGSLIHGLWNLASLFSNLCLFVLMPFAFFFLESEGFAGLKKGIRARILETLVMLLLLALLILGIVWVASALIDNDAASMESLYDLWEFYLPYLYSCISLMGCLLLLLCTPVGLSRMFTVMGQLLVKPTILEDLDEQIYIITLEEEALQRRLNGLSSSVEYNIMELEQELENVKTLKTKLERRKKASAWERNLVYPAVMVLLLIETSISVLLVACNILCLLVDETAMPKGTRGPGIGNASLSTFGFVGAALEIILIFYLMVSSVVGFYSLRFFGNFTPKKDDTTMTKIIGNCVSILVLSSALPVMSRTLGITRFDLLGDFGRFNWLGNFYIVLSYNLLFAIVTTLCLVRKFTSAVREELFKALGLHKLHLPNTSRDSETAKPSVNGHQKAL,0,negative,0.0025494846049696,3.030305606444017e-07,5.7402998208999634e-05,0.0177139788866043,0.0014485203718640886,0.003650448838075111
MNPPFAKVSWATVTLLLLLLLLPPAVLSPGAAAQPLPDCCRQKTCSCRLYELLHGAGNHAAGILTLGKRRPGPPGLQGRLQRLLQASGNHAAGILTMGRRAGAEPAPRLCPGRRCLAAAASSVAPGGRSGI,0,negative,0.0024855870287865,3.94827424088362e-07,7.063709199428558e-05,0.0173185132443904,0.001228881137834505,0.0037422929197384954
MMTNLFSTFDPSTNLFNLSLNWTSTFLGLLLIPSMFWLMPSRINILWNKMNLNLHNEFKTLLGKNSFQGSTLILISIFIMMLFNNFMGLFPYIFTSTSHMTLTFSIALPMWMSFMLFGWINNTNHMFTHLVPQGTPNALMSFMVLIETISNVIRPGTLAVRLAANMIAGHLLLTLLGNTGPSLTTSIMLFLIIGQMLLLILESAVAMIQAYVFSILSTLYSSEVY,0,negative,0.002956073731184,2.908201963691681e-07,4.754774272441864e-05,0.020119959488511,0.001877518778723685,0.004034628683644315
MNPLIFTTIVLTIIMGTMIVMTSSHWLTVWIGFEMNMLAVIPILMKNYNPRSMEASTKYFLTQATASMLLMLAIIINLLYSGQWSITKPLNQTASIIMTLAMAMKLGLSPFHFWVPEVTQGIQLSSGLILLTWQKLAPMSILYQIFPTINLNLMLLMSVLSVAIGGWGGLNQTQLRKIMAYSSIAHMGWMTAIMAYNPTMTLLNLVIYILLTTTTFMMFMLNSSTTTLSLSHTWNKAPLLTMTILTIMLSMGGLPPLSGFLPKWMIIQEMVKNDNIITPTIMAVTALLNLYFYMRLTYSTSLTMFPSTNNMKMKWQLNNTKSTAHVSPLIILSTLALPLSPILMLLE,0,negative,0.0028694462962448,3.863321182961954e-07,6.437674164772034e-05,0.0195976160466671,0.0016263338825087043,0.004112558709980896
MTMNMFEQFMSPELLMIPTALLSMLVPVLLIHHNPKLLGNRMTTAIAWLLMTIMSNMTNQLTPSGQKWCQVLTSLLLMILLSNLLGLLPYTFTSTSQLSMNMAMAIPLWMATIITGMTKKPSITLAHMLPEGSPTPLIPFMIIIETISLLMRPLALGVRLTANITAGHLLMTMVSTTTLNFITSHITLSIMTYLLLFLLCILELAVACIQAYVFVLLIILYLQENT,0,negative,0.0029607038013637,5.990719387227728e-07,9.719841182231904e-05,0.0200972761958837,0.0014127090485007935,0.004508698554226607
MMTNLFSVFDPSAIFNLSLNWLSTFLGLLMIPSIYWLMPSRYNIFWNSILLTLHKEFKTLLGPSGHNGSTFIFISLFSLILFNNFMGLFPYIFTSTSHLTLTLSLALPLWLCFMLYGWINHTQHMFAHLVPQGTPAILMPFMVCIETISNIIRPGTLAVRLTANMIAGHLLLTLLGNTGPSMSYLLVTFLLVAQIALLVLESAVTMIQSYVFAVLSTLYSSEVN,0,negative,0.0034109740518033,5.069206849839247e-07,6.783939898014069e-05,0.0227142386138439,0.001987006797988909,0.0048349413056176915
MTPMTTLIMLFSLLLGTTLTLTSSHWLLMWMGLEVSTLAIIPLLTYTNHPRSIESAIKYFLTQATASMLLMFAASLNTWMTGHWTLMQIDNTISSGIMTFALAMKLGLAPFHYWVPEVLQGSSLMSGMILLTWQKLAPISIIYQISPTLNMDILLTLAISSTLLGGWNGLNQTQLRKVMAYSSIAHMGWMVLIIIYFPTLTTLNLTLYIMSTVALFTVFHTTNITKTKPLSLMWNKAPIMTLAIILLLLSLGGLPPLTGFAPKWLVIQELIKHDNMIMATVLAITALLNLFFYMRIIYSSTLTTFPTTNNNKFHWYSKSTKNPLSLPTLVILSTTLLPLTPMFITLS,0,negative,0.0035988192539662,8.563606570533011e-07,0.0001103244721889,0.0237331446260213,0.001748024119918889,0.005449614388013511
MPQMAPISWLLLFIIFSITFILFCSINYYSYTPNSPKSNELKNINLNSMNWKW,0,negative,0.0041531454771757,7.543967512901872e-07,8.88928771018982e-05,0.0268309824168682,0.002416025157462425,0.005890265796888974
MMVDLFSSLDGMTSLWSWLTPMFLSVFMIWNKTWSMDQNNIIKYLAASNWNNSTYNLTKSLLTIMMVLIIFNNLLGMAPFTYGITTSLWVNMTLALLLWGLILLSGYIKSPKKSLAHLAPSGAPLLLLPFLILIESISIMIRPLTLTVRLVANMSAGHIILALMASVLSSNLSNTSLSLSYLIMVGYYLFEFFVCFIQAYIFTLLLSLYMNEHP,0,negative,0.0049060233868658,7.627937748111435e-07,7.093138992786407e-05,0.0309098176658153,0.0031592620696720124,0.006652784704059587
MLPFWIALQFLSSLPVRLPGMPRPEELGRSLLFYPLVGLLFGVLLWVLNAMLGGVPLLLHAALLLTAWVLLSGGLHLDGLADSADAWLGGFGDRERTLSIMKDPRSGPIAVVTLVLVLLLKFTALVALIEQQQGFALLLAPLIGRGALLGLFLCTPYVRAGGLGQALADHLPRVAGRQVLGLSVLACLLLGGYSGLWAVLLATVLFFWLRQVMMRRLGGTTGDTAGAVLELLETAVLLGVALF,0,negative,0.0088228490203619,1.805072088245652e-06,0.0001016780734062,0.0504177697002887,0.006135789595454701,0.011509908445269099
MTYLILLGASICLFPFWEVTMLTLAFIIPMSLTYLNINFTFSFSSELIWLTPIGTALIFLTLMVTLLVLIGTYNIKNYKYIGCLSSLNLVLMMAFCVCDFLTFYVMFEVSLIPTLLLILLWGYQPERMQAGFYLMLYTVTASLPLLLLLLYLYYTVGSLNFYIIMVYYSFNNNPLMLVGLMMAFLVKLPIYTCHLWLPKAHVEAPLGGSMVLAGVLLKLGGYGLYMLINFIISKSSSLVISVIITLSLWGAVIASIICIQQVDIKALVAYSSVAHMSLVSAGILMMSNWSYTCAKMTMIAHGYTSSALFVLANLSYLKIKSRSLMFMKGLLAIFPAMAFYWFLFSCMNMAAPPTLNFIGELLIIPSMYIASYMLLILMCIIMFISAGYSLYMYMTVNHGELGLYITPSIQLKNVDYHVLTAHLLPTFILLIPQLFSV,0,negative,0.0086417505517601,2.359713107580319e-06,0.0001441948115825,0.0495184399187564,0.005569479009347015,0.011714022094173184
MNPMSWLIITTSIALSTTMITSTTHWLMTWACLEINTLSMVPLISKPNHPRATEAATKYYLIQTMASTSMLFAATTNALNTSNWETHLTTEPMATTIITLALMMKMAAAPFHSWLPSVSQGTTTLTTLTILTWQKIAPLTILLTTHNKTNITLILLSAMLSITMGGLGSLNQTQLRKLMAFSSIAHTGWIMATITMAPKISTLTFTIYIMTTIPTFLLINTTMSMTIKDLGTMWTNSPYTMTILSMTILSMGGLPPLSGFMPKWLILNNLISMNMITEATLMAMASLLSLYVYMRLTYMSSMTLSPHTTTMPLKWRTSNKKHPMGTSMLTMMTMLLLPLSPNM,0,negative,0.0087487772107124,3.148669293295825e-06,0.0001812055706977,0.0499882996082305,0.0051998791883421745,0.012297675233082625
MSSAPASGGLRLLVCFLGVFVCYFYYGILQETITRRTYGEGEKQEKFRFALSLVFVQCIVNALFAKLLIQCFDSGKTDRTQSWLYSACSLSYLGAMVSSNSALQFVNYPTQVLGKSCKPIPVMLLGVTLLRKKYPLTKYLCVLLIVFGVALFMYKPKTGSGDGDHTVGYGELLLLLSLTLDGLTGVSQDYMRAHFQTGSNHMMLSINLWSSLFLGAGIVLTGELWDFLSFTERYPSIVYNIVLFSLTSALGQTFIFMTVVYFGPLTCSIITTTRKFFTILASVILFSNPISSIQWVGTLLVFLGLGLDATYGKGSKKPSH,0,negative,0.0094541059806942,2.465340912749525e-06,0.0001177787780761,0.0533599928021431,0.006313825157105631,0.01259438680428277
MKFIFMYFIFIILISSILLLLNKFISIYKKKDYEKSSPFECGFNPITKANLPFSLPFFLMTMMFLIFDVEIILFLPIIFYLKSSSTMISYLMISIFLILLITTLILEWMNNYLNWLF,0,negative,0.0092162676155567,2.973207301693037e-06,0.0001475997269153,0.0522207617759704,0.005767669464601424,0.012664865766511976
MLPFASCLPGSLLLWALLLLLLGAASPQDSEEPDSYTECTDGYEWDADSQHCRDVNECLTIPEACKGEMKCINHYGGYLCLPRSAAVINDLHGEGPPPPVPPAQHPNPCPPGYEPDEQESCVDVDECAQALHDCRPSQDCHNLPGSYQCTCPDGYRKVGPECVDIDECRYRYCQHRCVNLPGSFRCQCEPGFQLGPNNRSCVDVNECDMGAPCEQRCFNSYGTFLCRCNQGYELHRDGFSCSDIDECSYSSYLCQYRCVNEPGRFSCHCPQGYQLLATRLCQDIDECETGAHQCSEAQTCVNFHGGYRCVDTNRCVEPYVQVSDNRCFCPVSNPLCREQPSSIVHRYMSITSERSVPADVFQIQATSVYPGAYNAFQIRAGNTQGDFYIRQINNVSAMLVLARPVTGPREYVLDLEMVTMNSLMSYRASSVLRLTVFVGAYTF,0,negative,0.0087574189528822,4.2569463403197005e-06,0.0002156645059585,0.0499946549534797,0.004630945232951488,0.01288389267281291
MEARVCVLFGAAALLRLLLLCVGVYQDQTLKLKYTDVDYHVFTDAARFITQGESPYRRSTFRYTPLLALLLVPNVYLSLLFGKLLFGFCDLLSGLLMFRLLVLRGASHGSACVSCGLWLLNPLPMAVSTRGNAESVLAVLVLSTLLCLQLRKHTTAALLFGLSVHMKIYPVTYALPIALALTAAPARGRGVLLRFFSPALLRFAAVSAAVFLSLGLIFYCRYGWEFLQEAYLYHLTRRDLRHNFSPFFYLQYVCAERCWSSGLLPLLLLPQLLLLLLASAAFSSDLPFCCFLHTAVFVSFNRVCTSQYFLWYLCLLPVVLPRLRLRLGRGLLLLLLWLLLQGLWLAPAYLLEFQGWNSFSWIWAASLLFLLTNTFILAQIIQHYRPHDRKAD,0,negative,0.0088311228901147,4.995322342438158e-06,0.0002505555748939,0.0503079108893871,0.004361079336663276,0.013301166443566123
MPLAAVSLGLLLLALLLLLRHLGWGLVTIFWFEYVLQPVHNLIMGDTKEQRILRYVQQNAKPGDPQSVLEAIDTYCTQKEWAMNVGDAKGQIMDAVIREYSPSLVLELGAYCGYSAVRMARLLQPGARLLTMEMNPDYAAITQQMLNFAGLQDKVTILNGASQDLIPQLKKKYDVDTLDMVFLDHWKDRYLPDTLLLEKCGLLRKGTVLLADNVIVPGTPDFLAYVRGSSSFECTHYSSYLEYMKVVDGLEKAIYQGPSSPDKS,0,negative,0.0102888103574514,3.479784481896786e-06,0.0001598335802555,0.0571646615862846,0.006557974267834605,0.014019646447068197
MTATILMIAMTLSTILAILSFWLPQMTPDMEKLSPYECGFDPLGSMRLPFSMRFFLIAILFLLFDLEIALLLPFPWAAQLNTPSIVILWAALILTLLTLGLIYEWLQGGLEWAE,0,negative,0.0105380481109023,5.789418082713382e-06,0.000245414674282,0.0582140684127807,0.005725806187343851,0.01535029003446075
MASPRTVTIVALSFALGLFFVFMGTIKLTPRLSKDAYSEMKRAYKSYAKALPALKKMGVSSVLLRKIIGTLEVGCGIVLTLVPGRPKDVANFILLLVMLAVLFFHQLVGDPLKRYAHALVFGILLTCRLLIARQAEDRPEREERREEQINAQEKNKVKVS,0,negative,0.0111209787428379,5.818794306833297e-06,0.0002254918217658,0.0608658194541931,0.006296543311895417,0.015945414173780384
MTIYSYLLLLCMVMFVTFFTQKNNILSLMVVLESLMLITLSSVAVSLNYMAGSSMVMILLLCFAAAEAALSLSLLVCFIQVNSSCEMLAMNKILFAKKS,0,negative,0.0127732306718826,6.7686014517676085e-06,0.0002417340874671,0.0681459903717041,0.0075699234728917085,0.017976537870873492
MMSLTFMAGLIFPVFMMLKGINPMSLLLALLTLSLCAVLWLGSFMSSWYAYILFIVYIGGILVLFIYVCMISSNYIASQHMYKSLLYAWGAVMLMSLTMETDTFIILGSNMMYTSVNIPMTILIFLSIYLLIVFFAVVNLMVNMTSILMVESSQV,0,negative,0.0128549290820956,7.2827929216146e-06,0.0002621412277221,0.0684805214405059,0.007457599030444284,0.018252259133746916
MACLEIPQQPQLVCQKATPSDPAGCDGGPGGPTEGDLECLVCREPYSGVRPPKLLGCQHAFCAVCLKLLLCVQDDAWSIPCPLCRKVTAVPGGLVCTLRDQEKVLERLARPGLEVPLRPQGLANPATLTAGQPREAGEEEQDAVTTNRAAARRLAAHLLLLVLLIILILPFIYPGVIRWVLSFLETLALLLALLFCSHPGQQDGCMPTPRTLFCRERKPSEIASIS,0,negative,0.01412601955235,6.8550762080121785e-06,0.0002321377396583,0.073966734111309,0.008889579460832794,0.019362459643867205
MPQLSPINGFVILCSISLMLLTLLINGHFMLKPISSLTTPKLKMAYIKKLYF,0,negative,0.0163956247270107,5.333921308192657e-06,0.0001570135354995,0.0835016816854476,0.011776567979927953,0.021014681474093445
MNLITTIITITITLSAVLATVSFWLPQISPDAEKLSPYECGFDPLGSARLPFSLRFFLIAILFLLFDLEIALLLPLPWGDQLNTPTLTLVWSTAVLALLTLGLIYEWTQGGLEWAE,0,negative,0.0156117724254727,7.91668935562484e-06,0.0002483129501342,0.0801817029714584,0.009984450022899754,0.021239094828045646
MAGARLLQEGRVSIVSFTLGASVISLPLLTSSFTEQTLLAAAPGRIALVFFIAALNGLLLLLYKAQLYQVAIRASFLGFAFGCGLLLSITQSPWKPFGWYVCSLSFFHYSEYLVTAMNNPRSLSIDSFLLNHSLEYTLAALSSWVEFTIETTIYPDLKQITWLSVIGLIMVLFGEVLRKCAMLTAGSNFNHIVQNEKSDSHTLVTSGVYSWFRHPSYVGWFYWSIGTQVLLCNPLCLVGYTLASWRFFSERIEEEEFSLIHFFGENYLEYKKKVPTGLPFIKGVKMEP,0,negative,0.0168226100504398,6.2829235503159e-06,0.0001805648207664,0.0852205380797386,0.011809457928145525,0.021835762172734075
MDTGPDQSYFSGNHWFVFSVYLLTFLVGLPLNLLALVVFVGKLRCRPVAVDVLLLNLTASDLLLLLFLPFRMVEAANGMHWPLPFILCPLSGFIFFTTIYLTALFLAAVSIERFLSVAHPLWYKTRPRLGQAGLVSVACWLLASAHCSVVYVIEFSGDISHSQGTNGTCYLEFRKDQLAILLPVRLEMAVVLFVVPLIITSYCYSRLVWILGRGGSHRRQRRVAGLVAATLLNFLVCFGPYNVSHVVGYICGESPVWRIYVTLLSTLNSCVDPFVYYFSSSGFQADFHELLRRLCGLWGQWQQESSMELKEQKGGEEQRADRPAERKTSEHSQGCGTGGQVACAEN,0,negative,0.0163011848926544,7.869472028687596e-06,0.0002384483814239,0.083033338189125,0.010690669041616249,0.021911700743692555
MAPPRTNNRPVTRRKKPSNLLLLLKEKYVNWNFIKYLAFEPAALPIVSVLIVLAEAVINVLVIQRVPYTEIDWKAYMQECEGFLNGTTNYSLLRGDTGPLVYPAAFVYIYSGLYYLTGQGTNVRLAQYIFACIYLLQMCLVLRLYTKSRKVPPYVLVLSAFTSYRIHSIYVLRLFNDPVAILLLYAALNLFLDQRWTLGSICYSLAVGVKMNILLFAPALLLFYLANLGVLRTLVQLTICAVLQLFIGAPFLRTHPMEYLRGSFDLGRIFEHKWTVNYRFLSKELFEQREFHLVLLALHLLLLLCFAKPTWTFFRSYLRLREVQQQIVPQILHKNREQQNQAKIQAKKSKQLVEQQQEEEDEQLSAEQKSFLKAFERSLQQSTGQKSLEPHLNQKQEQYDIYFEPCTQLALLPFFLCNFIGVACARSLHYQFYIWYFHSLPYLVWSTPYSLGVRYLILGIIEYCWNTYPSTMESSIALHLCHLILLVGVARHVYRILRLNATVKQQQRQEQSTLQNGQPKTSKKSQ,0,negative,0.0158459674566984,9.492854587733746e-06,0.0002657920122146,0.0811328887939453,0.009683872167680631,0.02200806274571617
MEFLWAPLLGLCCSLAAADRHIVFWNSSNPKFREEDYTVHVQLNDYLDIICPHYEDDSVADAAMERYTLYMVEHQEYVACQPQSKDQVRWNCNRPSAKHGPEKLSEKFQRFTPFILGKEFKEGHSYYYISKPIYHQESQCLKLKVTVNGKITHNPQAHVNPQEKRLQADDPEVQVLHSIGYSAAPRLFPLVWAVLLLPLLLLQSQ,0,negative,0.0163786523044109,1.140388303610962e-05,0.0003310069441795,0.0832580551505088,0.009624725139831874,0.023132579468989924
MISLLQMKFHALLLLLSKVWTCICFMFNRQVRAFIQYQPVKYELFPLSPVSRHRLSLVQRKTLVLDLDETLIHSHHNAMPRNTVKPGTPHDFTVKVTIDRNPVRFFVHKRPHVDYFLDVVSQWYDLVVFTASMEIYGAAVADKLDNGRNILRRRYYRQHCTPDYGSYTKDLSAICSDLNRIFIIDNSPGAYRCFPNNAIPIKSWFSDPMDTALLSLLPMLDALRFTNDVRSVLSRNLHLHRLW,0,negative,0.0167544316500425,1.069325389835285e-05,0.0003039017319679,0.0848198607563972,0.010214323425141981,0.023294539874943017
MGGGGQLTEPGEQGSGRAGGVYTWEEVQSHSSRNDQWLVIDRKVYNITQWAKRHPGGIRVISHCCGEDATDAFAAFHPDQRYVRKFMKPLLLGELTPSEPSQDHDKNAALMEDFRDLRKRLESQGLFRTSPLFFILYLGHILLLEALSVALLWNFGNGWIISLLLSVLLATSQAQAGWLQHDFGHLSVFKNSTWDHLMHKFIIGHLKGASANWWNHRHFQHHAKPNIVSKDPDVNMLNILVLGNILPVEYGIKKVKHMPYNHQHRYFFLVGPPLLLPLYFNLHVIQTMYLQRDWVDFAWFLSYYARFFMFYSPYYGILGSLVLITFVRFLESHWFVWVTQMNHIPMDIDHDKHDDWLSMQLKATCNIEHSQFNDWFSGHLNFQIEHHLFPMMPRHNYSRASPQVRELCEKYGIQYQVKGLWESWCDIVRSLKKSGELWLDAYLHK,0,negative,0.0190530885010957,1.08440990516101e-05,0.0002722516655921,0.0940584167838096,0.012467012567245528,0.02563916443494587
MLLLFLNSVGFIVPVLLAVALLTLIERKMLGYMHVRKGPNNVGPYGLLQPIADGFKLLIKETLKPSNASPYLFYSSPALFLFLAILLWSIIPVGESTLNFNLSLVLILGLSSLSVYSLLGSGWSSNS,0,negative,0.0205484386533498,8.954805707617197e-06,0.0002147257328033,0.099951222538948,0.014563522377371598,0.026533354929328002
MDFSTHRLTTLLLLLLATVALGNAQSSQLTVDSHDITVLLNSNETFLVFANGLLDSDVEVALGTDSEDHLLLDPATFVYPAGSTRNQSVVITGLKAGNVKVVADSDDANKEIVKDVFVRVTVAKSRALIYTSIIFGWVYFVAWSVSFYPQIWSNYRRKSVEGLNFDFLALNIVGFTLYSMFNCGLYFIEDLQNEYEVRYPLGVNPVMLNDVVFSLHAMFATCITILQCFFYQRAQQRVSFIAYGILAIFAVVVVVSAGLAGGSVIHWLDFLYYCSYVKLTITIIKYVPQALMNYRRKSTSGWSIGNILLDFTGGTLSMLQMILNAHNYDDWVSIFGDPTKFGLGLFSVLFDVFFMLQHYVFYRHSRESSSSDLTTVTDVQNRTNESPPPSEVTTEKY,0,negative,0.0242372341454029,1.594967943674419e-05,0.0003032982349395,0.113797090947628,0.016249824193048087,0.032224644097757715
MEQPSIYNYSWVDFVFSVIGVFTFFVDWGADVWVATEFYRRGDFFWFGVLVGLMVLSSVLVQMFSWFWLQYDRGLPDLQTGGGTVLFGDRLRLSCLLHVLQLGFLCRHISAIRQGFRVWWRKEEGSEYAFYLSHDLSMLRLIETFSESAPQLTLMIYVMLRTQRARAVQFVSVAASTTSIAWMVVDYHRCLRSFLPDKARQGWASSLIYFLWNLLLIAPRVAALALFASVVGGYLGLHLLLLWLVFVTWAWLQRTHFMDSPGGEWLYRATVGIIWYFSWFNVAEGRTRGRSAIYHAFITADGAILLVTWWCCREPVQAEPYALALLLTLLLSYLLGLLFKSLYYCCFHPTLWRPPAREPGLPDDLPDADVTFRHLSIQDGAPASRPLNRRMALHAADFYSARTS,0,negative,0.0280851423740386,2.09948902920587e-05,0.0003626644611358,0.1276588290929794,0.01892110608164894,0.037249178666428254
MWHLKLCAVLMIFLLLLGQIDGSPIPEVSSAKRRPRRMTPFWRGVSLRPIGASCRDDSECITRLCRKRRCSLSVAQE,0,negative,0.0325516052544117,3.6885219742544e-05,0.0005516707897186,0.1429511904716491,0.02040496460894202,0.044698245899881375
MAVCARLLEWIFFFYFFSHIPITLLVDLQAVLPPSLYPQELLDLMKWYTVAFKDHLMANPPPWFKSFVYCEAILQLPFFPVAAYAFFKGGCKWIRIPAIVYSAHVATTVIAIIGHILFGEFPKSDVIAPLTQKDRLTLVSIYAPYLLVPVLLLLTMLFSPRYRQEEKRKRK,0,negative,0.0361932665109634,5.000408782507293e-05,0.0006375610828399,0.1550138443708419,0.022050552793282066,0.05033598022864473
MSFILSFWMIFLIDSVIVLLSFVCFVCVWICVLLLSTVLFVTKINNIYCTWDFVSSKFVDTYWFVIGVMFIMCLLLRLCLLLYFGCLNFVSFDLCKVVGFQWYWVYFLFGETTIFSNLILESDYLVGDMRLLQCNHVLTLLSLVIYKLWVSAVDVIHSFTLASLGIKVDCIPGRCNEIILFASNNATIYGQCSELCGVLHGFMPIVICFI,0,negative,0.0410151332616806,5.533989315154031e-05,0.0006412714719772,0.170515701174736,0.02613697569408638,0.05589329082927483
MLVSLGALRVLLGIFFTLTGAAKLFQVSAPVSQQMKALFEQFAEVFPLKVLGYQPDPISYQAAVGWLELLAGLLLVVGPPVLQQISNVLLILLMMGAVFTLVVLEESLSTYIPAVVCLGLLLLLDSCQFLVRTKGAVRCRNKIPGALGNPRK,0,negative,0.0438974201679229,4.331443415139802e-05,0.0004793107509613,0.179659217596054,0.03073467970077123,0.05706016063507456
MALSTEQKKSILAEYGLHETDTGSPEAQVALLSARINQLTEHLKFHKHDHHSRRGLLLLVGRRKGLLKYLADNNVDRYRDLIARLGLRR,0,negative,0.0456757918000221,7.519706559833139e-05,0.0008067637681961,0.1847737282514572,0.028332543477019696,0.0630190401230245
MNNILAIALGAAIGANLRYGIGLWAAQRFGTAWPYGTFIINLLGCLGIGLLLTLISTRLTLSEPVRLMLVTGLLGGFTTFSTFGYESFSLLSSGNWLPAIGYMVGSVVGGLIAVIIGVGLGRWFGG,0,negative,0.0490158125758171,5.1070397603325546e-05,0.000520646572113,0.1950864493846893,0.034723101481930745,0.06330852366970346
MNFQQQGYRATKPRARASPPTGGPMLFDDTSSGPPPMNNQNYYSSGYNMAEMPAGGQEPGVGNIFADPMANAAMMYGSTLANQGKDIVNKEINRFMSVNKLKYFFAVDTKYVMKKLLLLMFPYTHQDWEVRYHRDTPLTPRHDVNAPDLYIPTMAFITYILLAGMALGIQKRFSPEVLGLCASTALVWMIIEVLVMLLSLYLLTVHTDLSTFDLVAYSGYKYVGMILTVFCGLLFGSDGYYVALAWSSCALMFFIVRSLKMKILSSISADSMGAGASAKPRFRLYITVASAAFQPFIIYWLTAHLVR,0,negative,0.0476577803492546,6.269466393860057e-05,0.0006680041551589,0.1908920854330063,0.03182178793468196,0.06349377276382724
MSAQCCAGQLACCCGSAGCSLCCDCCPRIRQSLSTRFMYALYFILVVVLCCIMMSTTVAHKMKEHIPFFEDMCKGIKAGDTCEKLVGYSAVYRVCFGMACFFFIFCLLTLKINNSKSCRAHIHNGFWFFKLLLLGAMCSGAFFIPDQDTFLNAWRYVGAVGGFLFIGIQLLLLVEFAHKWNKNWTAGTASNKLWYASLALVTLIMYSIATGGLVLMAVFYTQKDSCMENKILLGVNGGLCLLISLVAISPWVQNRQPHSGLLQSGVISCYVTYLTFSALSSKPAEVVLDEHGKNVTICVPDFGQDLYRDENLVTILGTSLLIGCILYSCLTSTTRSSSDALQGRYAAPELEIARCCFCFSPGGEDTEEQQPGKEGPRVIYDEKKGTVYIYSYFHFVFFLASLYVMMTVTNWFNHVRSAFHLLP,0,negative,0.0596405863761901,0.0001079749636119,0.0009280145168304,0.2250494062900543,0.038858385952567964,0.08042278679981224
MVKELLTFEEVSFAYSSSSPVIERLSFTVFENEIVAILAKSGSGKSTLFRLITRLESPDQGTIVCHAQGKIGYMPQQDLLLPWLTILENVSLPLEIQGKDKKEAKIIAASFFNRFGLVGTESLYPDALSGGMRQRAAFLRATLTSETLLLLDEPFASLDSLTKTSMHHWLVSMWEKEKRTLLLVTHDIEEALLLSDRLFIFTNQPLHGFTEVQVPPDLRRKMETTEKMEQQRSSLKKDIRALLIEESLR,0,negative,0.0639434456825256,0.0001114681654144,0.000874638557434,0.2368083298206329,0.04282774863844012,0.08505914272661107
MITFLPIIFSSLVVVTFVIGNFANGFIALVNSIEWFKRQKISFADQILTALAVSRVGLLWVLLLNWYSTVLNPAFNSVEVRTTAYNIWAVINHFSNWLATSLSIFYLLKIANFSNFIFLHLKRRVKSVILVMLLGPLLFLACHLFVINMNEIVRTKEFEGNMTWKIKLKSAMYFSNMTVTMVANLVPFTLTLLSFLLLICSLCKHLKKMQLHGKGSQDPSTKVHIKVLQTVISFLLLCAIYFLSIMISVWSFGSLKNKPVFMFCKAMRFSYPSIHPFILIWGNKKLKQTFLSVFWQMRYWVKGEKTSSP,0,negative,0.0627595856785774,0.0001291558000957,0.001069501042366,0.2334245443344116,0.040030239001147355,0.08548893235600744
MAESMLSLPTPLNISIWWNMGSILGMILGLQLLTGILLSMHYSSQLEMAFSSIIHIIRDVPGGWFLRLLHANGASLFFLFMYAHIGRGLYYQSYIIHPRVWMVGVTIFLVSMATAFLGYVLPWGQMSFWGATVITNLLSAVPYFGPSMVEWVWGGFSVGHATLNRFFSLHFLLPFLISGLALLHIIFLHDKGSSNPLGNLFHLSKKPFHPYFTIKDSVGFLMVFGVLLMITFFSPSLLLDPENYISANPMVTPTHIQPEWYFLFAYAILRSIPSKLGGVVALLMSILILYFLPLSSYGKSIPVSMNIIYQVLFWILVVTFIILTWLGACEIEEPYLSLAGPLTLLYFLMFLLLGMSNNLNFNLIQLK,0,negative,0.0672591775655746,9.600030170986428e-05,0.0007114857435226,0.2457793951034546,0.0476632288301993,0.08685512630094991
MGKPGRVNQTTVSDFLLLGLSEWPEEQPLLFGIFLGMYLVTMVGNLLIILAISSDPHLHTPMYFFLANLSLTDACFTSASIPKMLANIHTQSQIISYSGCLAQLYFLLMFGGLDNCLLAVMAYDRYVAICQPLHYSTSMSPQLCALMLGVCWVLTNCPALMHTLLLTRVAFCAQKAIPHFYCDPSALLKLACSDTHVNELMIITMGLLFLTVPLLLIVFSYVRIFWAVFVISSPGGRWKAFSTCGSHLTVVLLFYGSLMGVYLLPPSTYSTERESRAAVLYMVIIPTLNPFIYSLRNRDMKEALGKLFVSGKTFFL,0,negative,0.074044644832611,0.0001130150121753,0.0007675886154174,0.2632100582122803,0.0527829410273841,0.0953063486378379
GSVDLQPSLNTSYLNTWALLLTLMATAFTATYSIRMTILVQAGQTRIPPMVSMNENNPLITAPLTRLALGSITAGMIITSFITPTKTPPMTMPLITKTAAILMTILGIILALELSNMTHTLTYPKPNPLMNFSSALGYFNPLVHRFFSKNLLEKGQNIALHLIDLSWLKKMGPEGLAELQVAASKAATSMHTGLIKAYLGSFALSILVMILMTH,0,negative,0.0733831524848938,0.0001343004259979,0.0009098351001739,0.2613936364650726,0.050205540356126094,0.0965607646136615
MSDIVYMGNKALYLILIFSLWPVGIATVIGLSIGLLQTVTQLQEQTLPFGIKLIGVSISLLLLSGWYGEVLLSFCHEIMFLIKSGV,0,negative,0.0847679004073143,0.0001187419475172,0.0007362961769104,0.2895263135433197,0.06297414464863883,0.10656165616598977
MSWSPILPFLSLLLLLFPLEVPRAATASLSQASSEGTTTCKAHDVCLLGPRPLPPSPPVRVSLYYESLCGACRYFLVRDLFPTWLMVMEIMNITLVPYGNAQERNVSGTWEFTCQHGELECRLNMVEACLLDKLEKEAAFLTIVCMEEMDDMEKKLGPCLQVYAPEVSPESIMECATGKRGTQLMHENAQLTDALHPPHEYVPWVLVNEKPLKDPSELLSIVCQLYQGTEKPDICSSIADSPRKVCYK,0,negative,0.0930301398038864,0.0001812471891753,0.0009800791740417,0.3085128664970398,0.06610452455184063,0.11995575505593217
MASSRRGLLLLLLLTAHLGPSEAQHWSHGWYPGGKRALSSAQDPQNALRPPGRALDTAAGSPVQTAHGLPSDALAPLDDSMPWEGRTTAQWSLHRKRHLARTLLTAAREPRPAPPSSNKV,0,negative,0.0985278189182281,0.0003543087805155,0.0018611550331115,0.3199748992919922,0.06088163555175653,0.13617400228469967
MPAACRCLFLLLLSACVALLLQPPLGTRGAPLEPVYPGDDATPEQMAQYAAELRRYINMLTRPRYGKRDRGEMRDILEWGSPHAAAPRELMDE,0,negative,0.1100468635559082,0.0001797910081222,0.0008739829063415,0.3457393050193786,0.08322962968496618,0.1368640974268502
MRPLSGLIALALLLLLLLTAPSSAADTETESSGSPLTPGAEEPRRVVKRAPTSSFIGMRGKKDEEHDTSEGNWLGSGPDPLDYADEEADSSYAENGRRLKKAPLAFVGLRGKKFIPINNRLSDVLQSLEEERLRDSLLQDFFDRVAGRDGSAVGKRAPTGFTGMRGKRPALLAGDDDAEADEATELQQKRAPVNSFVGMRGKKDVSHQHYKRAALSDSYDLRGKQQRFADFNSKFVAVRGKKSDLEGNGVGIGDDHEQALVHPWLYLWGEKRAPNGFLGMRGKRPALFE,0,negative,0.1005828157067298,0.0004157596849836,0.002132624387741,0.3242290019989013,0.05980244371315427,0.14136318770030534
MIKTTLLFFATALCEIIGCFLPWLWLKRNASIWLLLPAGISLALFVWLLTLHPAASGRVYAAYGGVYVCTALMWLRVVDGVKLSLYDWTGALIALCGMLIIVAGWGRA,0,negative,0.1101284995675087,0.0003082190232817,0.0015336573123931,0.3452501595020294,0.07501616422611052,0.14524083490890688
MQKGSEDTTQNRCHQHSIGGHSTCGLLLLIILVSWTSICEGAPFSSPVLGAEDELPLWNGIDDACSAVLPDPQLAVSSTLRELCFMVMRMQQKSQGEEKDDFKRFLFHYSKSHDSGNSDITSSVLHPLLQLLPQLHDRRMKRLTSDEEVQVPGGVISNGYFLFRPRNGRRSAGFR,0,negative,0.1151403784751892,0.0002733222499955,0.0012450516223907,0.3558843731880188,0.08207545748659464,0.14820529946378375
MERLQGLLLWLLLSPSVVWASRGPLRPLCRPVNATLAAENEACPVCITFSTSICAGYCPSMVRVLPAALPPVPQPVCTYHELHFASVRLPGCPPGVDPMVSFPVALSCRCGPCRLSTSDCGGPRTQPM,0,negative,0.1170735359191894,0.0002790776779875,0.0012622475624084,0.3597911298274994,0.08366229960638588,0.1504847722319929
MERSFDALFSQASLFFLAAVRVFALMFTVPLLSVRSVSRVVRVALAGLIAFLVLPLAYPAPMQVREFSAYYVLLLLGEGLLGILTGFFISVIFTTFSAAGQFFSYQMGFGTSEMYDTFAQIENPLMGQFLNFVAMLVFLQIKGFQILFLGGVLRSFQAVNCFVFLRKQEALLLFFTKALSALFLHAMTIALPIMGALLLIHVSMGLLTKAAPQMNLLSEGLPLTIVVTFVLLSVILPYMINLFVSILFGGFEMFEQLLVKLGKAL,0,negative,0.1056247577071189,0.0005335042369551,0.0025538504123687,0.3347150683403015,0.05942933642080093,0.1518201789934369
MFLNSILVVITDLAAGLLGNTSFRRHFHLLLSALLLFGPLLSLWVSHYSVFAKRTHFLYRVFLRSGWGWTCIFVGSFVFVLSFSVRRSLTLSLRHLSRLAVAGGLWLGFRKLLCLLENATGSCYEPLSAALEMTSGTNGEGQPLLLLREAETKETCVRSGMLWRGYEVSEDALLLCLCCLLLAEETAVFGPYLNLGGPSEAPLRILFLFCVLLLSLWVFLLLCLLAYFPEFPTQLLGGALGCLSWRALYQGWYRLRPSWYCPGRPGVGLLSTQSKQDELLETQTNAKEID,0,negative,0.1150283962488174,0.0003977959277108,0.0018416345119476,0.3550592958927154,0.0751387520934329,0.1549180404042019
MPHQQILMLFGLLPVATNISTWWNFGSMLLACSTLQVLTGFFLAVHYTANINMAFSSIIHITRDVPYGWLMQNLHAIGASMFFICIYIHIARGLYYGSYLNKETWLSGTTLLIMLMATAFFGYVLPWGQMSFWAATVITNLLTAIPYLGSTMTTWLWGGFAINDPTLTRFFALHFILPFGIISLSSLHILLLHEEGSSNPLGTNSDIDKIPFHPYQTYKDLLMLAMLTTLLLMIVSFFPDIFNDPDNFSKANPLVTPQHIKPEWYFLFAYGILRSIPNKLGGALALTMSIMILLTVPFTHTSKLRSMMFRPLMQLMFWTFAATFLVISWSSTKPVEPPFTTISQAAALMYFLFFISKPLMGLMENKIMKT,0,negative,0.126038447022438,0.0002765855751931,0.0011830031871795,0.3776029646396637,0.0927767227620753,0.1593001712828007
MVSAVTTMGCMKAAGVSLLLLYFLLNAADSHPNFDSSSMACGECSLGLNRLFSRDRPLYQCMGCCFSRAYPTPQTAIQTMAIPKNITSEAKCCVAKHSYETKVDDITVRNHTECHCSTCYYHKLI,0,negative,0.1365920752286911,0.0001985129056265,0.0007746815681457,0.3979538381099701,0.1084131536292757,0.1647709968281065
MLEILMSLTAAICWAFNGIAYRKGVKDVSAFTANFHRTLFATVYFLPLALRDFPGVVIDLQTALVLVISAMLSFYIGDLSYFASLKRSPVSIALPASSTYPVYVVLLSTVIYGAELSLNALISAILVFVAVYIIYGSGEKGETSGLFYALLAAFSWALAILTLDFLTDRLPVSIVAFVRLLLCLILLSFTAKKDELSTEIRLFFRSVRGIFLLLGIMLFITAIKVSSSWNVVQPSSTSPVFAAIFGAIFLKERISFRLVAGIFVIILAILLLLLPPLQ,0,negative,0.1354164183139801,0.0002653673291206,0.0010691881179809,0.3954856991767883,0.1028362200874131,0.1679966165405471
MPHQQILMLFGLLPVATNISTWWNFGSMLLACSTLQVMTGFFLAVHYTANINMAFSSIVHIIRDVPYGWLMQNLHAIGASMFFICIYIHIARGLYYGSYLNKETWLSGTTLLIMLMATAFFGYVLPWGQMSFWAATVITNLLTAIPYLGSTMTTWLWGGFAINDPTLTRFFALHFILPFGIISLSSLHIMLLHEDGSSNPLGTNSDIDKIPFHPYQTYKDLLMLTMMTTLLLMIVSFFPDIFNDPDNFSKANPLVTPQHIKPEWYFLFAYGILRSIPNKLGGALALTMSIMILLTVPFTHTSKLRSMMFRPFMQLMFWTFAATFLVITWTATKPVEPPFTTISQVAALMYFMFFISNPIMGWMENKIMKT,0,negative,0.1362087428569793,0.0003358612884767,0.0013619363307952,0.3966591358184814,0.09955570541249456,0.172861780301464
MSNQHTLLTSNLLPVGSNISTWWNFGSMLLTCLIMQILTGFFLAIHYTANINLAFSSVIHITRDVPYGWIMQNLHAIGASMFFICIYIHIARGLYYGLYLNKEVWLSGTTLLITLMATAFFGYVLPWGQMSFWAATVITNLLTAIPHLGTVLTTWLWGGFSINDPTLTRFFALHFILPFAIISLSSIHIILLHNEGSNNPLGTNSDIDKIPFHPYHSYKDMLMITIMVTLLFIILSFLPNLLNDPENFSKANPLITPQHIKPEWYFLFAYGILRSIPNKLGGTMALTMSIMILMTTPFTHTSHTRSMIFRPLSQTMFWTLIVTFIMITWTATKPVEPPFITISQTTTVFYFSFFIMTPLLGWTENKIMMMKN,0,negative,0.1346953809261322,0.0003891740343533,0.0016056299209594,0.3936102986335754,0.09524039217422403,0.17415036967804037
MPHQKILMLFGLLPVATNISTWWNFGSMLLTCSMIQVLTGFFLAVHYTANINLAFSSIVHIMRDVPCGWMVQNLHAIGASMFFICIYIHIARGLYYGSYLNKETWLSGTTLLIMLMATAFFGYVLPWGQMSFWAATVITNLLTAIPYLGGTMTTWLWGGFAINDPTLTRFFALHFILPFGIISLSSLHVLLLHEEGSSNPLGTNSDIDKIPFHPYHTMKDLLMLTTTLTLLLMTISFFPDIFNDPENFSKANPLVTPQHIKPEWYFLFAYGILRSIPNKLGGALALAMSIMILFTVPFIHTSKLRSMTFRPLMQLMFWTFTSTFVLITWAATKPVEPPFISISQVASIIYFTFFISNPILGWAENKIMKNT,0,negative,0.1329888850450515,0.0004435584996826,0.0018138289451599,0.3902153968811035,0.09086722792273019,0.1751105421673728
MSNQHALLISNLLPVGSNISTWWNFGSMLLTCLMLQVLTGFFLAIHYTANINLAFSSVVHITRDVPCGWIMQNTHAIGASLFFICIYIHIARGLYYGLYLNKNVWLSGVTLLMTLMATAFFGYVLPWGQMSFWAATVITNLLTAIPYLGVAVTTWLWGGFSINDPTLTRFFALHFILPFIIISLSSIHIILLHNEGSNNPLGTNSDIDKIPFHPYHSYKDLMTTTSMIILLFIILSFSPDLLNDPENFSKANPLVTPQHIKPEWYFLFAYGILRSIPNKLGGTLALLMSILILTLPPFTHTFYIRPMTFRPLSQTLFWTLIATFVMITWTATKPVEPPFITISQLTSIFYFSFFIMNPLLSWTENKIMMQT,0,negative,0.1439976245164871,0.0002974965027533,0.0011520385742187,0.4110024571418762,0.10950145065599642,0.17849379837697776
MPHHYILTMFGLLPVATNISTWWNFGSMLLSCLMLQVTTGFFLAVHYTANTNLAFSSIIHIMRDVPYGWMMQNTHAIGASLFFICIYIHIARGLYYGSYLNKKTWMSGTTLLITLMATAFFGYILPWGQMSFWAATVITNLLTAVPYLGTSLTIWLWGGFAINDPTLTRFFALHFILPFIIISLSSLHILLLHEEGSSNPLGTNSDTDKIPFHPYHTYKDLLLLTLLLTLLLLTTFFLPNIMNDPENFSKANPLVTPQHIKPEWYFLFAYGILRSIPNKLGGALALVASILIIMTMPFTHTAHVRSMTFRPMSQLMFWTLISTFMTITWAATKPVEPPFMMISQTASMIYFMFFISNPILGWMENKIMKTM,0,negative,0.1462532877922058,0.0002709219115786,0.0010200440883636,0.4151345193386078,0.11333387640144124,0.17917269918297038
MSNQHALLMFNLLPVGSNISTWWNFGSMLLTCLMLQTITGFFLALHYTANINLAFSSVIHITRDVPYGWIMQNLHAISASLFFVCIYIHIARGLYYGLYLNKEVWLSGTALLITLMATAFFGYVLPWGQMSFWAATVITNLLTAIPYLGTTLTTWLWGGFSINDPTITRFFALHFILPFIIISLSSIHIILLHNEGSNNPLGTNSDIDKIPFHPYHSYKDMLMATTMITLLFLILSFAPNLLNDPENFSKANPLVTPQHIKPEWYFLFAYGILRSIPNKLGGTLALIMSVMILTTMPFTHTSHTRSMMFRPLSQILFWTLIATFITITWTASKPVEPPFITISQTTSIIYFFFFITTPLLGWAENKMMMMNN,0,negative,0.146278828382492,0.0003504329652059,0.0013931691646575,0.4148065149784088,0.10883911870381528,0.18371853806116872
MPHHYILTLFGLLPVATNISTWWNFGSMLLTCLVLQVLTGFFLAVHYTANINLAFSSIVHITRDVPYGWMMQNLHAIGASMFFICIYIHIARGLYYGSYLNKETWMSGITLLITLMATALFGYVLPWGQMSFWAATVITNLLTAVPYLGTSLTTWLWGGFAINDPTLTRFFALHFILPFAIISLSSLHIILLHEEGSSNPLGTNPDIDKIPFHPYHSHKDLLLLTLMMMFLFIIVSFFPDIFNDPDNFSKANPLVTPQHIKPEWYFLFAYGILRSIPNKLGGALALVASIMILFTTPFTHTANLRPMTFRPLSQLMFWTLVSTFITITWAATKPVEPPFIAISQVTSMLYFTFFLSIPILGWMENKMMNTP,0,negative,0.1492001116275787,0.0003070633101742,0.0011561214923858,0.4201629757881164,0.1141536675754812,0.1842465556796762
MTNTRKNHPLMKIINNSFIDLPTPPNISSLWNFGSLLGACLTIQVITGLFLAMHYTADTTTAFSSVTHICRDVNYGWTIRYLHANGASMFFMCLFIHVGRGLYYGSFALLETWNIGIMLLFSVMATAFMGYVLPWGQMSFWGATVITNLLSAIPYVGTNLVEWIWGGFSVGKPTLTRFFALHFILPFIISALAMIHLLFLHETGSNNPLGMSSNSDKIPFHPYYTTKDFLGLLLLILLLMTLTLFYPDLLGDPDNYTPANPLNTPPHIKPEWYFLFAYAILRSIPNKLGGVVALILSILILAIIPFLQPSKQQTMMFRPLSQFLFWILVADLLTLTWIGGQPVENPFISIGQTASILYFSLMVFIMPMTCLIENKMLKW,0,negative,0.1472924202680587,0.0004079832579009,0.0015476942062377,0.4164358973503113,0.10689522938052791,0.18768961115558946
MVILEQTHLVKNKAVDNKKSMKYSIFQQALTIAVILLISKIIESFMPIPMPASVIGLVLLFIALCTGIVKLGQVETVGTALTNNIGFLFVPAGISVINSLPILKQSPILIILLIIISTLLLLICTGFSSQLLVTKSLFPSKEKNEETSHIGG,0,negative,0.1424581259489059,0.0005189719959162,0.0019833445549011,0.4074173867702484,0.09689621220875666,0.18802003968905512
MPHHYILTLFGLLPVATNISTWWNFGSMLLTCLALQVLTGFFLAVHYTANINLAFSSIVHITRDVPYGWMMQNLHAIGASMFFICIYIHIARGLYYGSYLNKETWMSGITLLITLMATAFFGYVLPWGQMSFWAATVITNLLTAVPYLGTSLTTWLWGGFAINDPTLTRFFALHFILPFAIISLSSLHIILLHEEGSSNPLGTNPDIDKIPFHPYHTHKDLLLLTLMILLLLIIVSFSPDIFHDPDNFSKANPLVTPQHIKPELYFLFAYGILRSIPNKLGGALALVMSIMILFTIPFTHTAHLRPMTFRPLSQLMFWALISTFVTITWAATKPVEPPFIIISQVTSTLYFTFFLSIPILGWVENKMMNIS,0,negative,0.1553932875394821,0.0003408154298085,0.0012218952178955,0.4307293891906738,0.11847091330333634,0.19231566177562784
MLNQHTLLISNLLPVGSNISTWWNFGSLLLTCLMLQILTGFFLAIHYTANINLAFSSVIHITRDVPYGWIMQNTHAIGASLFFICIYTHIARGLYYGSYLNKSVWLSGTTLLIILMATAFFGYVLPWGQMSFWAATVITNLLTAIPYLGTTVTTWLWGGFSINDPTLTRFFALHFILPFIIISMSSIHIILLHNEGSNNPLGTNSDIDKIPFHPYHLYKDMTMVSIMIMLLLMVMTFAPNLFNDPENFSKANPLVTPQHIKPEWYFLFAYGILRSIPNKLGGTLALFLSIIILTTTPFTHTSYIQSMAFRPLTQILFWTLIATFTTITWTATKPVETPFIYISQMTSIMYFSFFIMNPLLGWAENKIMMNM,0,negative,0.1572795212268829,0.0003284173435531,0.0011933743953704,0.4339376389980316,0.12103494405715447,0.19352409839661133
MSNQHTLLISNLLPVGSNISTWWNFGSMLLTCLILQITTGFFLAIHYTANINLAFSSVTHIMRDVPYGWIMQNLHAIGASMFFICIYIHIARGLYYGLYMNKNVWLSGTTLLITLMATAFFGYVLPWGQMSFWAATVITNLLTAIPYLGTTITTWLWGGFSINDPTLTRFFALHFILPFAIISLSSIHIILLHNKGSNNPLGTNSDIDKIPFHPYHSYKDTLMTISLFILMFTILSFSPDLFNDPENFSKANPLVTPQHIKPEWYFLFAYGILRSIPNKLGGTLALLMSVTILMTAPFTHTSHMRPMTFRPLAQMAFWTLIATFITITWTASKPVEPPFIIISQMTSILYFLFFIMNPLLGWTENKIMMNN,0,negative,0.1446694135665893,0.0006009224453009,0.0021860003471374,0.4111641049385071,0.09564197450228981,0.1936968526308888
MFNEVHSSHGHTLLLITKPSLQATALLQHLKQSLAITGKLHNIQRSLEDISAGCIVLMDMMEADKKLIHYWQDNLSRKNNNIKTLLLNTPDDYPYREIENWPHINGVFYATEDQEHVVSGLQGILRGECYFSQKLASYLITHSGNYRYNSTESALLTHREKEILNKLRIGASNNEIARSLFISENTVKTHLYNLFKKIAVKNRTQAVSWANDNLRR,0,negative,0.1511080712080001,0.0004556751518975,0.0017146170139312,0.4229116439819336,0.10841497331630337,0.19380116909969683
MFQFNFNDFILFIYNLFFPAVRILALFSTAPLFNSKFIEKKIKLIMAFVISWIFSSFLPKVNIAIFSVDGILIIIEQMLIGILLGLTMQLIFSSIFMSGEIISLQMGLSFSSLFDFNSRSNLSALSHFVHIFLLLLFLEWNGHIWMLSALFDTFITIPIQKIYLDPNIFLKVVNFSKYIFFDSIMLLFPIIIVQLLLNLSIGILNRVAPQISILSLGFTVTLLVGIILLYFFIPIFPSSCIVIFRRLQSFVLTLFNS,0,negative,0.1553050726652145,0.0004022109787911,0.0014541447162628,0.4303478300571441,0.11519467606826722,0.1954154692621618
MPAIQPPLYLTFLLLILLYLIITLYVWTILTITYKTTVRYAALYQRSFSRWGFDQSL,0,negative,0.1449638307094574,0.0007398746092803,0.0028235614299774,0.4110493063926697,0.09056255832432655,0.19936510309458824
MPHQQMLILFGLLPVATNISTWWNFGSMLLACSSMQVLTGFFLAVHYTANINLAFSSIVHITRDVPYGWMMQNLHAIGASMFFICIYIHIARGLYYGSYLNKKTWLSGTTLLIMLMATAFFGYVLPWGQMSFWAATVITNLLTAIPYLGTTMTTWLWGGFAINDPTLTRFFALHFILPFGIISLSSLHIMLLHEDGSSNPLGTNSDIDKIPFHPYHTYKDLLMLSLMVLMLLMTVSFLPDIFNDPENFSKANPLVTPQHIKPEWYFLFAYGILRSIPNKLWGALALAMSITILLTVPFTHTSTIRSMMFRPIMQLMFWTLVATFMVITWAATKPVEPPFTMISQIASTIYFLFLIMNPIAGWIENNILKYN,0,negative,0.1620522439479828,0.000366675434634,0.0012806057929992,0.4417767524719238,0.12375470174830631,0.20034978614765925
MTKFLPIRKTHPILKIINGSLIDLPSPSNISMWWNFGSLLALCLMIQILTGLFLTMYYTANIELAFFSVNYICRNVNYGWLIRTIHANGASFFFICIYLHIGRGIYYESFNLKYTWFIGVIILFMLMATAFMGYVLPWGQMSFWGATVITNLLSAIPYLGTMLVNWIWGGFAVDNATLTRFYTFHFLLPFIILMLTMIHLLFLHQTGSNNPLGLNSNMDKIPFHPYFTYKDLIGFLILMMLLLMLTLSNPYLLGDPDNFIPANPLVTPIHIQPEWYFLFAYAILRSIPNKLGGVIALVMSILILIILPLTFLKKIQGLQFYPINQFMFWIFVMMVILLTWIGARPVEAPYIITGQLLTILYFLYFILNPLISIYWDKLLFNK,0,negative,0.1565732210874557,0.0004827995144296,0.0017587542533874,0.4321847558021545,0.11262782249194402,0.20051861968296736
MINLRKTHPLMKIINHSFIDLPTPSNISAWWNFGSLLGMCLMIQILTGLFLAMHYTSDTMTAFSSVAHICRDVNYGWLLRNLHANGASMFFMCLFLHVGRGIYYGSYLYKETWNIGVILLLAVMATAFVGYLLPWGQMSFWGATVITNLLSAIPYIGQTLVEWVWGGFAVDKATLTRFFAFHFILPFIITALATVHLLFLHETGSNNPLGINPDSDKIPFHPYYTIKDALGLMLLLLMLLLLALFSPDLLGDPDNFSPANPLNTPPHIKPEWYFLFAYAILRSIPNKLGGVLALLASILILLIIPLLHTANQRSMMFRPMSQTLFWILTANLITLTWIGGQPVEQPFIIIGQLASMLYFLLILVLMPLAGMFENYMLKPKW,0,negative,0.1684082448482513,0.0003097072185482,0.0010464787483215,0.4523067474365234,0.1332112439221383,0.20360524577436429
MRVHDQRLRFDVTPKPMGLNGSSLITARSVALLLFLSLLLLILPPFLPPLPPPPATLLLLPLLLMILLIFLAFSPSNEPSLAVEPLDP,0,negative,0.1645066440105438,0.0004378478624857,0.0015135109424591,0.4455543458461761,0.12265701498061332,0.20635627304047427
MSNQHILLTSNLLPVGSNISTWWNFGSMLLTCLILQITTGFFLAIHYTANINLAFSSVIHITRDVPHGWIMQNLHAIGASMFFICIYIHIARGLYYGLYLNKEVWLSGTALLILLMATAFFGYVLPWGQMSFWAATVITNLLTAIPYLGSALTTWLWGGFSINDPTLTRFFALHFILPFTIISMSSIHIILLHNEGSNNPLGTNPDIDKIPFHPYHSYKDMLMITIMITFMLLILSFSPDLMNDPENYSKANPLITPQHIKPEWYFLFAYGILRSIPNKLGGTLALFMSIAILMTAPFTHTSYTRSMSFRPLTQTMFWILIATFITITWTATKPVEPPFISISQVTSIIYFSFFIINPLLGWVENKLSTLNN,0,negative,0.1624904572963714,0.0004948945716023,0.0017241537570953,0.4420525133609772,0.11799800528022378,0.20698290931251903
MPHQQILMLFGLLPVATNISTWWNFGSMLIACSTLQVLTGFFLAVHYTANINLAFSSIIHITRDVPYGWLMQNLHAIGASMFFICIYIHIARGLYYGSYLNKETWLSGTTLLIMLMATAFFGYVLPWGQMSFWAATVITNLLTAIPYLGTTMTTWLWGGFAINDPTLTRFFALHFILPFGIISMSSLHVMLLHEEGSSNPLGTNSDIDKIPFHPYHTYKDLLMLAAMTTLLLLIVSFSPDIFNDPDNFSKANPLVTPQRIKPEWYFLFAYGILRSIPNKLGGALALTMSIVILLTVPFTHTSKMRSMMFRPFMQMTFWLFAATFMVITWTATKPVEPPFTLIGQAASMIYFLFFISNPIMGWLENKIMKM,0,negative,0.1581205129623413,0.0006231229635886,0.0021776556968688,0.4343624114990234,0.10819565087585778,0.20804537504882484
MPHHYVLTLFGLLPVATNISTWWNFGSMLLTCLALQVLTGFFLAVHYTANINLAFSSIVHITRDVPYGWMMQNLHAIGASMFFICIYIHIARGLYYGSYLNKETWMSGITLLITLMATAFFGYVLPWGQMSFWAATVITNLLTAVPYLGTSLTTWLWGGFAINDPTLTRFFALHFILPFAIISLSSLHVILLHEEGSSNPLGTNPDIDKIPFHPYHSHKDLLLLTLMMMFLFIIVSFFPDIFNDPDNFSKANPLVTPQHIKPEWYFLFAYGILRSIPNKLGGALALVMSIMILFCTPFTHTAHLRPMTFRPLSQLMFWTLVSTFITITWAATKPVEPPFITISQVTSILYFTFFLSIPILGWVENKIMNAP,0,negative,0.1698789000511169,0.0003889643412549,0.0013233423233032,0.4543707370758056,0.13043454221606524,0.20932325788616854
MSNQHTLLISNLLPVGSNISTWWNFGSMLLSCLFLQTTTGFFLAIHYTANINLAFSSVIHITRDVPYGWIMQNTHAISASAFFICIYIHIARGLYYGSYLNKGVWLTGVALLTTLMATAFFGYVLPWGQMSFWAATVITNLLTAIPYLGTSLTTWLWGGFSINDPTLTRFFALHFILPFLIISLSSIHIIMLHNEGSSNPLGTNSDIDKIPFHPYHSYKDLLMFITLMTMLLLTLSFMPNLFNDPENFSKANPLITPQHIKPEWYFLFAYGILRSIPNKLGGALALTMSIIILTTAPFTHTSYTRSMTFRPLAQTLFWTLIATFITITWAATKPIEPPFLLISQTTAILYFSFFIMNPVLGLVENMMMKYN,0,negative,0.1599866449832916,0.0006917465361766,0.0024606585502624,0.4371870160102844,0.1073844953627067,0.2125887946038765
MPHHYILTLFGLLPVATNISTWWNFGSMLLTCLALQVLTGFFLAVHYTANINLAFSSIIHITRDVPFGWMMQNLHAIGASMFFICIYIHIARGLYYGSYLNKETWMSGITLLITLMATAFFGYVLPWGQMSFWAATVITNLLTAVPYLGTSLTTWLWGGFAINDPTLTRFFALHFILPFAIISLSSLHIILLHEEGSSNPLGTNPDIDKIPFHPYHSHKDLLLLTLMMLSLLIIVSFFPDIFNDPDNFSKANPLVTPQHIKPEWYFLFAYGILRSIPNKLGGALALVMSIMILFTIPFTHTAHLRPMTFRPFSQLMFWTLVSTFITITWAATKPVEPPFIVISQVTSTLYFTFFLLIPILGWTENKMMNTL,0,negative,0.1647442430257797,0.0006477630813606,0.0021876990795135,0.4452660977840423,0.11384186267434229,0.2156466233772171
MPNHHTLLSSSLFPVGSNISTWWNFGSMLLTCTALQISTGFFLAVHYTANINLAFSSIIHITRDVPYGWIMQNLHAIGASLFFLCIYIHIARGLYYGLYMNKGVWLSGTTLLIILMATAFFGYVLPWGQMSFWAATVITNLLTAVPYLGNSLTTWLWGGFSINDPTLTRFFALHFILPFLITSLSSIHIILLHNEGSNNPLGTNSDIDKVPIHPYHSYKDMFMISSMITLLFIVLSFMPDLLNDPENFSKANPMTTPQHIKPEWYFLFAYSILRSIPNKLGGTLALLMSVIILTTTPFTHTSYIRPMTFRPLTQALFWTLIATFITITWTATKQVEPPFTLISQVASVTYFSFFIINPIFGWAENKTMMNN,0,negative,0.1683501303195953,0.0005679499590769,0.001922458410263,0.4513379633426666,0.12068672888508164,0.21601353175410898
MSNQHILLMSNLLPVGSNISTWWNFGSMLLTCLILQIMTGFFLAIHYTANINLAFSSVIHITRDVPYGWIMQNLHAIGASLFFICIYIHIARGLYYGLYLNKEVWLSGTTLLIILMATAFFGYVLPWGQMSFWAATVITNLLTAIPYLGTTLTTWLWGGFSINDPTLTRFFALHFILPFTIISLSSIHIILLHNEGSNNPLGTNSDIDKIPFHPYHTYKDMLMIIIMTAILFLILSFSPNLLNDPENFSKANPLVTPQHIKPEWYFLFAYGILRSIPNKLGGTLALVMSVMILTTAPFTHTSHTRSMMFRPLSQIVFWTLIATFITITWTATKPVEPPFISISQTASIFYFSFFIMNPLLGWTENKIMMMND,0,negative,0.1585439145565033,0.0009499238803982,0.0033283233642578,0.4339191317558288,0.09690224422228214,0.22018558489072446
MTNIRKSHPLMKIINSSFIDLPAPSNISSWWNFGSLLGICLALQILTGLFLAMHYTSDTATAFNSVTHICRDVNYGWILRYLHANGASMFFICLYLHVGRGLYYGSYMYTETWNIGVILLFAVMATAFMGYVLPWGQMSFWGATVITNLLSAIPYIGTDLVEWIWGGFSVDKATLTRFFAFHFLLPFIISAMVMVHLLFLHETGSNNPTGIPSNMDMIPFHPYYTIKDILGMLLMITALLTLVLFSPDMLGDPDNYTPANPLNTPPHIKPEWYFLFAYAILRSIPNKLGGVLALVLSILILIIIPLLHTSKQRSMTFRPLSQCLFWLLAADLLTLTWIGGQPVEHPYVIIGQLASILYFSIIIILMPLTSLVENYLLKW,0,negative,0.1754121333360672,0.0005451546167023,0.0018064975738525,0.4625584483146667,0.12871504063417408,0.22210922603796032
MTGPLRKNHPLFSIINNSLIDLPSPSNLSIWWNFGSLLGLCLIIQILTGLFLAMHYTSDVSLAFSSVSHICRDVNYGWLLRNIHANTASFFFLCLYFHIGRGIYYGSYVNNETWNIGVILLLLTMLTAFVGYVLPWGQMSFWGATVITNLISAVPYIGSSIVQWVWGGFSVDNATLTRFFAFHFLFPFIIAALSIIHLFFLHQTGSNNPTGIESKFDKTPFHTYFSTKDITGFIILFMLLSSIVLLSPNLLNDPENFNPANPLVTPIHIQPEWYFLFAYAILRSIPNKLGGVVALLASILVLFLVPFLHTSNNQANTFRPASQSLFWLLTSVFIILTWLGSQPVEDPFILLGQISSIAYFALFFLAFPLASELENKLIF,0,negative,0.1897124648094177,0.0003677739587146,0.001136839389801,0.4846689701080322,0.1513575976494548,0.2280673319693806
YINYKNMSHQHLLTLFNLLPVGSNISTWWNFGSMLLACLMIQIITGFFLAIHYTANINLAFSSIIHLSRDVPYGWIMQNTHAISASLFFICIYIHIARGFYYGSYLNKEVWLSGTTLLIILMATAFFGYVLPWGQMSFWAATVITNLLTAIPYLGTTLTTWLWGGFAINDPTLTRFFALHFILPFIIISMSSIHILLLHNEGSNNPLGTNSDID,0,negative,0.196117952466011,0.0002965691382996,0.0009021759033203,0.4940713047981262,0.1616755867923468,0.23056031813967517
MPHQQILMLFGLLPVATNISTWWNFGSMLLTCSALQIMTGFFLSMHYTANINLAFSSIVHVVRDVPHGWMMQNLHAIGASMFFICVYIHVARGLYYGSYLNKETWLSGTTLLIMLMATAFFGYVLPWGQMSFWAATVITNLLTAIPYLGTTMTTWLWGGFAINDPTLTRFFALHFILPFGIISLSSLHIMLLHAEGSSNPLGTNSDIDKIPFHPYHTYKDLFMISSMIMIMLLTISFIPDIFNDPENFSKANPLVTPQHIKPEWYFLFAYGILRSIPNKLGGALALAMSITILLTVPFTHTANTRSMTFRPFMQLMFWTLVTTFMIITWTATKPVEPPYTMISQVTSSLYFMFFMSNPIVGWLENKIMKTQL,0,negative,0.1785573065280914,0.0007099172798916,0.0023004710674285,0.4668982923030853,0.12526876067097123,0.23184585238521158
MEKGEVASLRCRLLLLLLLLTLPPTHQGRTLRHIDPIQSAQDSPAKYLSNGPGQEPVTVLTIDLTKISKPSSSFEFRTWDPEGVIFYGDTNTEDDWFMLGLRDGQLEIQLHNLWARLTVGFGPRLNDGRWHPVELKMNGDSLLLWVDGKEMLCLRQVSASLADHPQLSMRIALGGLLLPTSKLRFPLVPALDGCIRRDIWLGHQAQLSTSARTSLGNCDVDLQPGLFFPPGTHAEFSLQDIPQPHTDPWTFSLELGFKLVDGAGRLLTLGTGTNSSWLTLHLQDQTVVLSSEAEPKLALPLAVGLPLQLKLDVFKVALSQGPKMEVLSTSLLRLASLWRLWSHPQGHLSLGALPGEDSSASFCLSDLWVQGQRLDIDKALSRSQDIWTHSCPQSPSNDTHTSH,0,negative,0.1809949874877929,0.0007564221159555,0.0023901462554931,0.4705087542533874,0.12598872908184422,0.2360012458937416
MSRLFVKRLPTGSFLMLLLYIGLLLSAIAVAYSTYWNRQLLNSLYSELSVRDKAQAEWGRLILEQSTWTAHSRIESLAVEQLRMRVPDPAEVRMVAP,0,negative,0.1924618631601333,0.0004905546666122,0.0014893412590026,0.4882836937904358,0.14816492572142542,0.2367588005988412
MSRHVTVVLLLAIVLLLSSHMIHGQHWSYGLRPGGKREVESLQESYAEVPNEVSFTELQHLECSIPQNRISLVRDALMNWLEGENARKKI,0,negative,0.190722182393074,0.0005410498706623,0.0016565918922424,0.4856118261814117,0.144201224936792,0.23724313984935602
MPHQQILILFGLLPVATNISTWWNFGSMLLACSSMQVLTGFFLAVHYTANINLAFSSIVHITRDVPYGWLMQNLHAIGASMFFICIYTHIARGLYYGSYLNKKTWLSGTTLLIMLMATAFFGYVLPWGQMSFWAATVITNLLTAIPYLGTTMTTWLWGGFAINDPTLTRFFALHFILPFGIISLSSLHIMLLHEDGSSNPLGTNSDIDKIPFHPYHTYKDMLMLSLMVLALLTTVAFFPDIFNDPENFSKANPLVTPQHIKPEWYFLFAYGILRSIPNKLGGALALVMSIMILLTTPFTHTSTIRSMTFRPIMQFMFWTLVATFTVITWAATKPVEPPFTAISQAASTMYFMFFITNPIVGWFENKIMKYN,0,negative,0.1851931363344192,0.0006916265119798,0.0021831393241882,0.4769942760467529,0.13259555038297843,0.23779072228585996
MPHQQILILFGLLPVATNISTWWNFGSMLLACSSMQVLTGFFLAVHYTANINLAFSSIMHITRDVPYGWMMQNLHAIGASMFFICIYTHIARGLYYGSYLNKKTWLSGTTLLIMLMATAFFGYVLPWGQMSFWAATVITNLLTAIPYLGTTMTTWLWGGFAINDPTLTRFFALHFILPFGIISLSSLHIMLLHEDGSSNPLGTNSDIDKIPFHPYHTYKDMLMLSLMILALLMTVAFFPDIFNDPENFSKANPLVTPQHIKPEWYFLFAYGILRSIPNKLGGALALVMSIMILLTAPFTHTSAIRSMTFRPIMQLMFWTLVATFAVITWAATKPVEPPFTTISQVASTMYFMFFITNPIMGWFENKIMKYN,0,negative,0.1893812865018844,0.0006377213285304,0.0019803345203399,0.4833442270755768,0.1388749966547614,0.2398875763490074
MTNIRKSHPLLKIVNNAFIDLPAPSNISSWWNFGSLLGICLIMQIMTGLFLAMHYTSDTATAFSSVAHICRDVNYGWIIRYLHANGASMFFICLYIHVGRGLYYGSYAFLETWNIGIILLFTVMATAFMGYVLPWGQMSFWGATVITNLLSAIPYVGTTLVEWIWGGFSVDKATLTRFFAFHFILPFVIAALAGVHLLFLHETGSNNPTGISSDMDKIPFHPYYTIKDILGVLLLILTLLLLVLFSPDLLGDPDNYTPANPLNTPPHIKPEWYFLFAYAILRSIPNKLGGVLALVLSILILALIPLLHTSKQRSMMFRPISQCLFWTLVADLLTLTWIGGQPVEPPFIMIGQVASILYFSLILILMPVAGIIENHILKW,0,negative,0.1908030211925506,0.000643971550744,0.0020453333854675,0.4853398203849792,0.14004983210086888,0.24155621028423233
MTNIRKSHPLLKIMNDAFIDLPAPSNISSWWNFGSLLGVCLIMQILTGLFLAMHYTSDTTTAFSSVAHICRDVNYGWIIRYLHANGASMFFICLYIHVGRGLYYGSYTFLETWNVGIILLFTVMATAFMGYVLPWGQMSFWGATVITNLLSAIPYIGTTLVEWIWGGFSVDKATLTRFFAFHFILPFIITALVAVHLLFLHETGSNNPTGISSDMDKIPFHPYYTIKDILGALLLMLILLILVLFSPDLLGDPDNYTPANPLNTPPHIKPEWYFLFAYAILRSIPNKLGGVLALILSILILALIPMLHTSKQRSMMFRPISQCLFWVLVADLLTLTWIGGQPVEPPFIMIGQVASILYFSLILILMPVAGIIENRILKW,0,negative,0.1923583298921585,0.0006167424726299,0.0019039809703826,0.4877205491065979,0.14268972924225495,0.24202693054206206
MASLRKTHPLIKIANDALVDLPTPSNISAWWNFGSLLGLCLITQILTGLFLAMHYTSDISTAFSSVTHICRDVNYGWLIRNIHANGASFFFICIYMHIARGLYYGSYLYKETWNIGVVLLLLVMMTAFVGYVLPWGQMSFWGATVITNLLSAVPYMGDMLVQWIWGGFSVDNATLTRFFAFHFLLPFIIAAATVIHLLFLHETGSNNPIGLNSDADKISFHPYFSYKDLLGFVIMLLALTLLALFSPNLLGDPENFTPANPLVTPPHIKPEWYFLFAYAILRSIPNKLGGVLALLFSILVLMVVPLLHTSKQRGLTFRPITQFLFWTLVADMIILTWIGGMPVEHPFIIIGQIASVLYFALFLVLFPLAGWLENKALKWA,0,negative,0.2036745846271515,0.0003918013826478,0.00113046169281,0.5043239593505859,0.1640866378429193,0.24326253141138368
MTNIRKTHPLLKIINSSFVDLPAPSSLSSWWNFGSLLGVCLGVQILTGLFLAMHYTSDTTTAFNSVTHICRDVNYGWLLRYIHANGASMFFICLYMHVGRGLYYGSYMYSETWNIGILLLFAVMATAFMGYVLPWGQMSFWGATVITNLLSAIPYIGTDLVQWIWGGFSVDKATLTRFFAFHFLFPFIVTALVMVHLLFLHETGSNNPTGIPSDPDMIPFHPYYTIKDILGFMIMLTALSTLVLFSPDLLGDPDNYIPANPLSTPPHIKPEWYFLFAYAILRSIPNKLGGVLALIMSILILAIVPIIHMSKQRSMMFRPISQCLFWLLVAVLLTLTWIGGQPVEHPYIIIGQMASILYFLIILILMPITSLMENYLLKW,0,negative,0.1930710822343826,0.000642602390144,0.0019134879112243,0.4887320399284363,0.142371875528794,0.2437702889399712
MTNIRKTHPLMKIVNNAFIDLPAPSNISSWWNFGSLLGICLMLQILTGLFLAMHYTSDTATAFSSVTHICRDVNYGWIIRYMHANGASMFFICLFMHVGRGLYYGSYMFLETWNIGVILLFATMATAFMGYVLPWGQMSFWGATVITNLLSAIPYIGTNLVEWIWGGFSVDKATLTRFFAFHFILPFIITALAMVHLLFLHETGSNNPTGISSDVDKIPFHPYYTIKDVLGALLLILVLMLLVLFTPDLLGDPDNYTPANPLNTPPHIKPEWYFLFAYAILRSIPNKLGGVLALVLSILILILMPLLHLSKQRSMMFRPISQCLFWILVADLLTLTWIGGQPVEHPYIIIGQLASIMYFLLILILMPTASTIENNLLKW,0,negative,0.1981128007173538,0.000579398474656,0.0017760694026947,0.4959989488124847,0.14997140586194896,0.24625419557275863
MTNTRKSHPLIKIVNHSFIDLPAPSNISAWWNFGSLLGVCLGLQILTGLFLAMHYTADTTTAFSSVTHICRDVNYGWLIRYMHANGASMFFIFLYFHIGRGIYYGSYTFMDTWNIGVLLLFAVMATAFMGYVLPWGQMSFWGATVITNLLSAIPYIGPTLVEWIWGGFSVDKATLTRFFAFHFILPFIITAMVMIHLLFLHETGSNNPSGMNSDSDKIPFHPYYTIKDILGILFMMTTLMSLVMFTPDLLGDPDNYTPANPLNTPPHIKPEWYFLFAYAILRSIPNKLGGVLALVFSILILMLFPILHSSKQRSMSFRPLSQCLMWMLVANLLILTWIGGQPVEHPFITIGQLASMTYFFIILILMPSTALMENKLLQW,0,negative,0.1792048215866089,0.0011318374890834,0.0036799609661102,0.466505616903305,0.11191923653056884,0.24649040664264893
MAPNIRKSHPLLKMINNSLIDLPTPSNISAWWNFGSLLGICLTTQILTGLLLATHYTADTTLAFSSVAHTCRDVQYGWLIRNLHANGASFFFICIYLHIGRGFYYGSYLYKETWNTGVILLLTLMATAFVGYVLPWGQMSFWGATVITNLFSAIPYIGQTLVEWAWGGFSVDNPTLTRFFALHFLLPFMIAGLTLIHLTFLHESGSNNPLGIISNCDKIPFHPYFSLKDILGFLLMLLPLTALALFSPNLLGDPENFTPANPLVTPPHIKPEWYFLFAYAILRSIPNKLGGVLALAASVLILFLCPLLHKSKQRTMTFRPLSQLLFWTLTANLLILTWVGSQPVEHPFIIIGQLASLTYFSILLILFPLTGALENKLLNY,0,negative,0.1950956284999847,0.0006841202266514,0.0020311474800109,0.491496741771698,0.14278424439857137,0.24740701260139805
MTNTRKSHPLIKIMNHSFIDLPTPSNISAWWNFGSLLGVCLGLQILTGLFLAMHYTADTTTAFSSVTHICRDVNYGWLIRYMHANGASMFFIFLYFHIGRGIYYGSYTFMDTWNIGVLLLFAVMATAFMGYVLPWGQMSFWGATVITNLLSAIPYIGPTLVEWIWGGFSVDKATLTRFFAFHFILPFIITAMVMIHLLFLHETGSNNPSGMNSDSDKIPFHPYYTIKDILGVLFMMITLMSLVMFTPDLLGDPDNYTPANPLNTPPHIKPEWYFLFAYAILRSIPNKLGGVLALVFSILILMLFPILHSSKQRSMSFRPLSQCLMWVLVANLLILTWIGGQPVEHPFITIGQLASVTYFFTILILMPSTALMENKLLKW,0,negative,0.1850014477968216,0.0010209839092567,0.0031703114509582,0.4757230281829834,0.12109577013805015,0.24890712545559304
MTNIRKSHPLIKIVNESFIDLPTPSNISAWWNFGSLLGICLILQILTGLFLAMHYTSDTTTAFSSVTHICRDVNYGWIIRYMHANGASMFFICLFMHAGRGMYYGSYTFSETWNIGILLLFTVMATAFMGYVLPWGQMSFWGATVITNLLSAIPYIGTNLVEWIWGGFSVDKATLTRFFAFHFILPFIILALAIIHLLFLHETGSNNPSGMTSDTDKIPFHPYYTIKDILGLLLLILMLMLLVLFSPDLLGDPDNYTPANPLNTPPHIKPEWYFLFAYAILRSIPNKLGGVLALILSILILAVVPLLHTSKQRGMMFRPISQCLFWLLVADLLTLTWIGGQPVEHPFITIGQLASIMYFSIILILMPISGIIENHLLKW,0,negative,0.1946396678686142,0.0007814593845978,0.0023828744888305,0.4904981255531311,0.13873047776187772,0.25054885797535065
MSNQHTLLSSNLLPVGSNISTWWNFGSMLLACLALQTSTGFFLAIHYTANINLAFSSVTHILRDVPYGWAMQNLHAIGASMFFICIYTHIARGLYYGLYLNKEVWLSGTVLLMLLMATAFFGYVLPWGQMSFWAATVITNLLTAIPYLGTTLTTWFWGGFSINDPTLTRFFALHFLLPFIIISLSTIHIILLHNEGSNNPLGTNPDIDKIPFHPYHSYKDILMITLMITLLFTIMSFSPNLFNDPENFTKANPLITPQHIKPEWYFLFAYGILRSIPNKLGGTLALLMSIIILTTAPFTHTSYTRPMTFRPLTQVLFWTFITTFITITWTATKPVEPPFVLISQVASTVYFFFFIINPILGWTENKIMMSTN,0,negative,0.1924302130937576,0.0011380520882084,0.0033506155014038,0.4863770604133606,0.1249601578630584,0.2599002683244568
LINYKNMLHQHPLKLFNLLPVGSNISTWWNFGSMLLACLMIQTVTGFFLAIHYTANINLAFSSIIHITRDVPYGWIMQNTHAIGASMFFMCIYTHIARGLYYGSYLNKEVWLSGTTLLIVLMRTAFFGYVLPWGQMSFWAATVITNLLTAIPYLGNTLTTWLWGGFSINDPTLTRFFALHFILPFIIISLSSIHIILLHNEGSSNPLGTNSDID,0,negative,0.2140828371047973,0.0006335473735816,0.0017881989479064,0.5175279378890991,0.16374210315775994,0.26442357105183467
MPHHYILTLFGLLPVATNISTWWNFGSMLLTCLMLQVLTGFFLAVHYTANINLAFSSIIHITRDVPYGWLMQNLHAIGASMFFICIYIHIARGLYYGSHLNKETWMSGITLLITLIATAFFGYVLPGGQMSFRAATGITNLLTAVPYLGATMTTWLWGGFAINDPTLTRFFALHFILPFAIISLSSLHIILLHEEGSSNPLGTNPDIDKIPFHPYHSYKDLLLLTLMLLTLMITVSFFPDIFNDPDNFSKANPLVTPQHIKPEWYFLFAYGILRSIPNKLGGALALVMSIMILLTAPLTHTAHLRPMTFRPLSQLMFWTLISTFITITWAATKPVEPPYIIISQTTATLYFTFFISTPILGWIENKMMNSC,0,negative,0.2069550454616546,0.0008497423259541,0.0024662613868713,0.5074280500411987,0.14865436532997517,0.26525572559333405
